Display ID,Task Name,Task Type simpel,Task Type,Synchronization ID,Planned Start Date,Planned End Date,#
Algemeen en Overige,Algemeen en Overige,,,Algemeen en Overige,01-Jan-2020,02-Jan-2020,
Ondergrond,Ondergrond,X,X-XX,Ondergrond,01-Jan-2020,02-Jan-2020,nvt
Kader,Kader,X,X-XX,Kader,01-Jan-2020,02-Jan-2020,nvt
Gebouwen,Gebouwen,X,X-XX,Gebouwen,01-Jan-2020,02-Jan-2020,nvt
S060-01 ALG0,Bouwhub,N,N-XX,N-S060-01 ALG0,01-Jun-2023,01-Jun-2033,64
S060-01 ALG0,Bouwhub,V,V-XX,V-S060-01 ALG0,30-Dec-2050,31-Dec-2050,64
S081-11 ALG0,Zettingsgebied Pampusbuurt oost,N,N-WE,N-S081-11 ALG0,01-Jan-2020,01-Jan-2028,2
S081-05 ALG0,Voorbelasting Muidenbuurt west,N,N-WE,N-S081-05 ALG0,01-Jan-2020,01-Jan-2028,3
S081-07 ALG0,Voorbelasting Pampusbuurt west,N,N-WE,N-S081-07 ALG0,01-Jan-2020,01-Jan-2028,4
S081-04 ALG0,Voorbelasting brug 2125,N,N-WE,N-S081-04 ALG0,01-Jul-2020,01-Jan-2021,7
S081-03 ALG0,Voorbelasting Onderstation,N,N-WE,N-S081-03 ALG0,01-Oct-2020,23-Sep-2021,14
S081-01 ALG0,Voorbelasting Ijtram E,N,N-WE,N-S081-01 ALG0,01-Mar-2021,01-Aug-2023,20
S081-02 ALG0,Voorbelasting Ijtram F,N,N-WE,N-S081-02 ALG0,01-Jan-2022,01-Jan-2024,29
S081-06 ALG0,Voorbelasting Muidenbuurt oost,N,N-WE,N-S081-06 ALG0,01-Jan-2022,01-Jan-2031,30
S081-08 ALG0,Voorbelasting Pampusbuurt oost,N,N-WE,N-S081-08 ALG0,01-Jan-2022,01-Jan-2031,31
S081-10 ALG0,Voorbelasting bomendijk west,N,N-WE,N-S081-10 ALG0,01-Jan-2025,01-Jan-2031,138
S081-09 ALG0,Voorbelasting Ijtram G,N,N-WE,N-S081-09 ALG0,01-Jan-2026,01-Jan-2031,156
S081-11 ALG0,Zettingsgebied Pampusbuurt oost,V,V-WE,V-S081-11 ALG0,30-Dec-2050,31-Dec-2050,2
S081-05 ALG0,Voorbelasting Muidenbuurt west,V,V-WE,V-S081-05 ALG0,30-Dec-2050,31-Dec-2050,3
S081-07 ALG0,Voorbelasting Pampusbuurt west,V,V-WE,V-S081-07 ALG0,30-Dec-2050,31-Dec-2050,4
S081-04 ALG0,Voorbelasting brug 2125,V,V-WE,V-S081-04 ALG0,30-Dec-2050,31-Dec-2050,7
S081-03 ALG0,Voorbelasting Onderstation,V,V-WE,V-S081-03 ALG0,30-Dec-2050,31-Dec-2050,14
S081-01 ALG0,Voorbelasting Ijtram E,V,V-WE,V-S081-01 ALG0,30-Dec-2050,31-Dec-2050,20
S081-02 ALG0,Voorbelasting Ijtram F,V,V-WE,V-S081-02 ALG0,30-Dec-2050,31-Dec-2050,29
S081-06 ALG0,Voorbelasting Muidenbuurt oost,V,V-WE,V-S081-06 ALG0,30-Dec-2050,31-Dec-2050,30
S081-08 ALG0,Voorbelasting Pampusbuurt oost,V,V-WE,V-S081-08 ALG0,30-Dec-2050,31-Dec-2050,31
S081-10 ALG0,Voorbelasting bomendijk west,V,V-WE,V-S081-10 ALG0,30-Dec-2050,31-Dec-2050,138
S081-09 ALG0,Voorbelasting Ijtram G,V,V-WE,V-S081-09 ALG0,30-Dec-2050,31-Dec-2050,156
Grond en Wegen,Grond en Wegen,,,Grond en Wegen,01-Jan-2020,02-Jan-2020,
S191-01 ALG0,Verlegde Pampuslaan CE werkterrein,N,N-WT,N-S191-01 ALG0,25-Jan-2020,31-Jan-2020,5
S120-01 ALG0,Verlegde Pampuslaan Centrumeiland,N,N-WE,N-S120-01 ALG0,01-Feb-2020,30-Sep-2020,6
S121-01 ALG0,Calamiteitenroute 1,N,N-WE,N-S121-01 ALG0,01-Nov-2020,01-Dec-2020,15
M121-09 OWM1,Bouwweg Muiden OS Liander,N,N-WE,N-M121-09 OWM1,01-Nov-2020,01-Dec-2020,16
M121-12 OWM1,Bouwweg Muiden WEG (MH2),N,N-WE,N-M121-12 OWM1,01-Jan-2023,31-Dec-2024,54
S121-02 ALG0,Bouwweg aanleg tram 1,N,N-WE,N-S121-02 ALG0,01-Jul-2023,01-Oct-2024,65
M121-10 OWM2,Cond Bouwweg Strandeilandlaan West,N,N-WE,N-M121-10 OWM2,01-Jul-2023,01-Mar-2038,66
M121-11 OWM2,Cond Bouwweg Strandeilandlaan oost,N,N-WE,N-M121-11 OWM2,01-Jul-2023,01-Mar-2038,67
P121-01 OC05,Cond Bouwweg Dam,N,N-WE,N-P121-01 OC05,01-Jul-2023,01-Mar-2038,68
S121-03 ALG0,Cond Bouwweg Pampus 1,N,N-WE,N-S121-03 ALG0,01-Jul-2023,01-Mar-2038,69
M121-02 OWM1,Bouwweg Muiden Makersstraat,N,N-WE,N-M121-02 OWM1,01-Oct-2023,01-Apr-2025,79
M121-03 OWM1,Bouwweg Muiden MV1,N,N-WE,N-M121-03 OWM1,01-Oct-2023,31-Dec-2024,80
P121-11 OC03,Cond Bouwweg langs brug 2062,N,N-WE,N-P121-11 OC03,01-Oct-2023,01-Nov-2023,101
H122-02 OWH2,Definitieve MV inrichting OWH2 west,N,N-WE,N-H122-02 OWH2,01-May-2024,01-Aug-2024,102
M121-05 OWM1,Bouwweg Muiden MV4,N,N-WE,N-M121-05 OWM1,01-Aug-2024,01-Mar-2027,109
M121-06 OWM1,Bouwweg Muiden MV6,N,N-WE,N-M121-06 OWM1,01-Aug-2024,01-Mar-2027,110
M121-07 OWM1,Bouwweg Muiden MV8,N,N-WE,N-M121-07 OWM1,01-Aug-2024,01-Mar-2027,111
M121-04 OWM1,Bouwweg Muiden MV2,N,N-WE,N-M121-04 OWM1,01-Aug-2024,01-Mar-2026,114
M121-08 OWM1,Bouwweg Muiden MV10,N,N-WE,N-M121-08 OWM1,01-Aug-2024,01-Mar-2026,115
H122-03 OWH2,Definitieve MV inrichting OWH2 oost,N,N-WE,N-H122-03 OWH2,01-Sep-2024,01-Dec-2024,119
P121-09 OWP2,Cond Bouwweg Buiteneilandlaan,N,N-WE,N-P121-09 OWP2,01-Oct-2024,01-Jul-2026,122
H121-10 OWH3,Cond Bouwweg Haven 1,N,N-WE,N-H121-10 OWH3,01-Oct-2024,01-Jul-2026,123
H181-01 OC01,Ontgraven zand onder brug 2080,N,N-WE,N-H181-01 OC01,01-Oct-2024,31-Dec-2024,139
M133-01 OWM1,Straat MV4 incl distributie KL,N,N-WE,N-M133-01 OWM1,01-Sep-2025,01-Dec-2025,141
M133-02 OWM1,Straat MV6 MH8 incl distributie KL,N,N-WE,N-M133-02 OWM1,01-Jan-2030,01-Jan-2031,250
M133-03 OWM1,Straat MV8 incl distributie KL,N,N-WE,N-M133-03 OWM1,01-Jan-2030,01-Jan-2031,251
H121-01 OWH3,Tijdelijk inrichten OWH3,N,N-WE,N-H121-01 OWH3,01-Jan-2030,01-Jan-2031,258
H122-01 OWH3,Defnitief inrichten OWH3,N,N-WE,N-H122-01 OWH3,01-Jan-2030,01-Jan-2031,259
M121-01 OWMK,Bouwweg Makershaven 1,N,N-WE,N-M121-01 OWMK,01-Jan-2032,01-Jan-2033,278
M133-04 OWM1,Straat MV1 incl distributie KL,N,N-WE,N-M133-04 OWM1,01-Jan-2020,02-Jan-2020,357
M133-05 OWM1,Straat MV2 MH5 incl distributie KL,N,N-WE,N-M133-05 OWM1,01-Jan-2020,02-Jan-2020,358
M181-01 OWMK,Grond inham Makershaven noord,N,N-WE,N-M181-01 OWMK,01-Jan-2020,02-Jan-2020,359
M181-02 OWMK,Grond inham Makershaven zuid,N,N-WE,N-M181-02 OWMK,01-Jan-2020,02-Jan-2020,360
S191-01 ALG0,Verlegde Pampuslaan CE werkterrein,V,V-WT,V-S191-01 ALG0,01-Oct-2020,05-Oct-2020,5
S120-01 ALG0,Verlegde Pampuslaan Centrumeiland,V,V-WE,V-S120-01 ALG0,30-Dec-2050,31-Dec-2050,6
S121-01 ALG0,Calamiteitenroute 1,V,V-WE,V-S121-01 ALG0,01-Nov-2024,01-Dec-2024,15
M121-09 OWM1,Bouwweg Muiden OS Liander,V,V-WE,V-M121-09 OWM1,01-Nov-2024,01-Dec-2024,16
M121-12 OWM1,Bouwweg Muiden WEG (MH2),V,V-WE,V-M121-12 OWM1,30-Dec-2050,31-Dec-2050,54
S121-02 ALG0,Bouwweg aanleg tram 1,V,V-WE,V-S121-02 ALG0,30-Dec-2050,31-Dec-2050,65
M121-10 OWM2,Cond Bouwweg Strandeilandlaan West,V,V-WE,V-M121-10 OWM2,30-Dec-2050,31-Dec-2050,66
M121-11 OWM2,Cond Bouwweg Strandeilandlaan oost,V,V-WE,V-M121-11 OWM2,30-Dec-2050,31-Dec-2050,67
P121-01 OC05,Cond Bouwweg Dam,V,V-WE,V-P121-01 OC05,30-Dec-2050,31-Dec-2050,68
S121-03 ALG0,Cond Bouwweg Pampus 1,V,V-WE,V-S121-03 ALG0,30-Dec-2050,31-Dec-2050,69
M121-02 OWM1,Bouwweg Muiden Makersstraat,V,V-WE,V-M121-02 OWM1,30-Dec-2050,31-Dec-2050,79
M121-03 OWM1,Bouwweg Muiden MV1,V,V-WE,V-M121-03 OWM1,30-Dec-2050,31-Dec-2050,80
P121-11 OC03,Cond Bouwweg langs brug 2062,V,V-WE,V-P121-11 OC03,02-Apr-2028,06-Apr-2028,101
H122-02 OWH2,Definitieve MV inrichting OWH2 west,V,V-WE,V-H122-02 OWH2,30-Dec-2050,31-Dec-2050,102
M121-05 OWM1,Bouwweg Muiden MV4,V,V-WE,V-M121-05 OWM1,30-Dec-2050,31-Dec-2050,109
M121-06 OWM1,Bouwweg Muiden MV6,V,V-WE,V-M121-06 OWM1,30-Dec-2050,31-Dec-2050,110
M121-07 OWM1,Bouwweg Muiden MV8,V,V-WE,V-M121-07 OWM1,30-Dec-2050,31-Dec-2050,111
M121-04 OWM1,Bouwweg Muiden MV2,V,V-WE,V-M121-04 OWM1,30-Dec-2050,31-Dec-2050,114
M121-08 OWM1,Bouwweg Muiden MV10,V,V-WE,V-M121-08 OWM1,30-Dec-2050,31-Dec-2050,115
H122-03 OWH2,Definitieve MV inrichting OWH2 oost,V,V-WE,V-H122-03 OWH2,30-Dec-2050,31-Dec-2050,119
P121-09 OWP2,Cond Bouwweg Buiteneilandlaan,V,V-WE,V-P121-09 OWP2,30-Dec-2050,31-Dec-2050,122
H121-10 OWH3,Cond Bouwweg Haven 1,V,V-WE,V-H121-10 OWH3,30-Dec-2050,31-Dec-2050,123
H181-01 OC01,Ontgraven zand onder brug 2080,V,V-WE,V-H181-01 OC01,30-Dec-2050,31-Dec-2050,139
M133-01 OWM1,Straat MV4 incl distributie KL,V,V-WE,V-M133-01 OWM1,30-Dec-2050,31-Dec-2050,141
M133-02 OWM1,Straat MV6 MH8 incl distributie KL,V,V-WE,V-M133-02 OWM1,30-Dec-2050,31-Dec-2050,250
M133-03 OWM1,Straat MV8 incl distributie KL,V,V-WE,V-M133-03 OWM1,30-Dec-2050,31-Dec-2050,251
H121-01 OWH3,Tijdelijk inrichten OWH3,V,V-WE,V-H121-01 OWH3,30-Dec-2050,31-Dec-2050,258
H122-01 OWH3,Defnitief inrichten OWH3,V,V-WE,V-H122-01 OWH3,30-Dec-2050,31-Dec-2050,259
M121-01 OWMK,Bouwweg Makershaven 1,V,V-WE,V-M121-01 OWMK,30-Dec-2050,31-Dec-2050,278
M133-04 OWM1,Straat MV1 incl distributie KL,V,V-WE,V-M133-04 OWM1,30-Dec-2050,31-Dec-2050,357
M133-05 OWM1,Straat MV2 MH5 incl distributie KL,V,V-WE,V-M133-05 OWM1,30-Dec-2050,31-Dec-2050,358
M181-01 OWMK,Grond inham Makershaven noord,V,V-WE,V-M181-01 OWMK,02-Dec-2028,02-Mar-2029,359
M181-02 OWMK,Grond inham Makershaven zuid,V,V-WE,V-M181-02 OWMK,02-Dec-2028,02-Mar-2029,360
Civiele Constructies,Civiele Constructies,,,Civiele Constructies,01-Jan-2020,02-Jan-2020,
M062-01 BM01,Werkterrein BM01 aanleg,N,N-WT,N-M062-01 BM01,01-Sep-2024,08-Sep-2024,38
M062-04 BM02,Werkterrein BM02 aanleg,N,N-WT,N-M062-04 BM02,02-Dec-2022,31-Dec-2022,39
M032-01 BM01,Bouwveld Muidenbuurt 01 incl Dagbesteding 1,N,N-CO,N-M032-01 BM01,01-Sep-2024,01-Mar-2027,51
M032-02 BM02,Bouwveld Muidenbuurt 02,N,N-CO,N-M032-02 BM02,01-Jan-2023,01-Jan-2025,52
M062-07 BM05,Werkterrein BM05 aanleg,N,N-WT,N-M062-07 BM05,02-Dec-2023,31-Dec-2023,83
M032-05 BM05,Bouwveld Muidenbuurt 05,N,N-CO,N-M032-05 BM05,01-Jan-2024,01-Jan-2026,94
M032-35 BMK5,Bouwveld Makershaven 05A Gemeentewerf,N,N-CO,N-M032-35 BMK5,01-Jul-2024,01-Jan-2026,105
P062-04 BP04,Werkterrein BP04 aanleg,N,N-WT,N-P062-04 BP04,02-Dec-2024,31-Dec-2024,126
P062-09 BP09,Werkterrein BP09 aanleg,N,N-WT,N-P062-09 BP09,02-Dec-2024,31-Dec-2024,127
M062-09 BM07,Werkterrein BM07 aanleg,N,N-WT,N-M062-09 BM07,02-Dec-2024,31-Dec-2024,128
P032-04 BP04,Bouwveld Pampus 04,N,N-CO,N-P032-04 BP04,01-Jan-2025,01-Jan-2027,130
P032-09 BP09,Bouwveld Pampus 09 incl PO school 2,N,N-CO,N-P032-09 BP09,01-Jan-2025,01-Jan-2027,131
M032-07 BM07,Bouwveld Muidenbuurt 07,N,N-CO,N-M032-07 BM07,01-Jan-2025,01-Jan-2027,132
P062-05 BP05,Werkterrein BP05 aanleg,N,N-WT,N-P062-05 BP05,02-Dec-2025,31-Dec-2025,147
P062-10 BP10,Werkterrein BP10 aanleg,N,N-WT,N-P062-10 BP10,02-Dec-2025,31-Dec-2025,148
P062-15 BP15,Werkterrein BP15 aanleg,N,N-WT,N-P062-15 BP15,02-Dec-2025,31-Dec-2025,149
H062-07 BH06,Werkterrein BH06 aanleg,N,N-WT,N-H062-07 BH06,02-Dec-2025,31-Dec-2025,150
P032-05 BP05,Bouwveld Pampus 05,N,N-CO,N-P032-05 BP05,01-Jan-2026,01-Jan-2028,151
P032-10 BP10,Bouwveld Pampus 10,N,N-CO,N-P032-10 BP10,01-Jan-2026,01-Jan-2028,152
P032-15 BP15,Bouwveld Pampus 15,N,N-CO,N-P032-15 BP15,01-Jan-2026,01-Jan-2028,153
H032-06 BH06,Bouwveld Havenkom 06 incl Zwembad,N,N-CO,N-H032-06 BH06,01-Jan-2026,01-Jan-2028,154
M032-28 BMK2,Bouwveld Makershaven 02,N,N-CO,N-M032-28 BMK2,01-Jan-2026,01-Jun-2027,155
P062-14 BP14,Werkterrein BP14 aanleg,N,N-WT,N-P062-14 BP14,02-Dec-2026,31-Dec-2026,167
H062-04 BH03,Werkterrein BH03 aanleg,N,N-WT,N-H062-04 BH03,02-Dec-2026,31-Dec-2026,168
H062-05 BH04,Werkterrein BH04 aanleg,N,N-WT,N-H062-05 BH04,02-Dec-2026,31-Dec-2026,169
M062-27 BM25,Werkterrein BM25 aanleg,N,N-WT,N-M062-27 BM25,02-Dec-2026,31-Dec-2026,170
M062-28 BM26,Werkterrein BM26 aanleg,N,N-WT,N-M062-28 BM26,02-Dec-2026,31-Dec-2026,171
P032-14 BP14,Bouwveld Pampus 14 incl Behandelwoonlocatie 1,N,N-CO,N-P032-14 BP14,01-Jan-2027,01-Jan-2029,185
H032-03 BH03,Bouwveld Havenkom 03,N,N-CO,N-H032-03 BH03,01-Jan-2027,01-Jan-2029,186
H032-04 BH04,Bouwveld Havenkom 04 incl Huis van de Wijk,N,N-CO,N-H032-04 BH04,01-Jan-2027,01-Jan-2029,187
M032-25 BM25,Bouwveld Muidenbuurt 25,N,N-CO,N-M032-25 BM25,01-Jan-2027,01-Jan-2029,188
M032-26 BM26,Bouwveld Muidenbuurt 26,N,N-CO,N-M032-26 BM26,01-Jan-2027,01-Jan-2029,189
M032-27 BMK1,Bouwveld Makershaven 01,N,N-CO,N-M032-27 BMK1,01-Jan-2027,01-Jun-2028,190
M032-30 BMK4,Bouwveld Makershaven 04A,N,N-CO,N-M032-30 BMK4,01-Jan-2027,01-Jun-2028,191
P062-02 BP02,Werkterrein BP02 aanleg,N,N-WT,N-P062-02 BP02,02-Dec-2027,31-Dec-2027,198
P062-03 BP03,Werkterrein BP03 aanleg,N,N-WT,N-P062-03 BP03,02-Dec-2027,31-Dec-2027,199
P062-08 BP08,Werkterrein BP08 aanleg,N,N-WT,N-P062-08 BP08,02-Dec-2027,31-Dec-2027,200
M062-11 BM09,Werkterrein BM09 aanleg,N,N-WT,N-M062-11 BM09,02-Dec-2027,31-Dec-2027,201
P032-02 BP02,Bouwveld Pampus 02,N,N-CO,N-P032-02 BP02,01-Jan-2028,01-Jan-2030,203
P032-03 BP03,Bouwveld Pampus 03,N,N-CO,N-P032-03 BP03,01-Jan-2028,01-Jan-2030,204
P032-08 BP08,Bouwveld Pampus 08 incl Gezondheidscentrum 2,N,N-CO,N-P032-08 BP08,01-Jan-2028,01-Jan-2030,205
M032-09 BM09,Bouwveld Muidenbuurt 09 incl 24 uursopvang 1,N,N-CO,N-M032-09 BM09,01-Jan-2028,01-Jan-2030,206
M032-29 BMK3,Bouwveld Makershaven 03A,N,N-CO,N-M032-29 BMK3,01-Jan-2028,01-Jun-2029,207
P062-07 BP07,Werkterrein BP07 aanleg,N,N-WT,N-P062-07 BP07,02-Dec-2028,31-Dec-2028,214
P062-13 BP13,Werkterrein BP13 aanleg,N,N-WT,N-P062-13 BP13,02-Dec-2028,31-Dec-2028,215
M062-25 BM23,Werkterrein BM23 aanleg,N,N-WT,N-M062-25 BM23,02-Dec-2028,31-Dec-2028,216
M062-26 BM24,Werkterrein BM24 aanleg,N,N-WT,N-M062-26 BM24,02-Dec-2028,31-Dec-2028,217
P032-07 BP07,Bouwveld Pampus 07 incl Dagbesteding 2 en Behandelwoonlocatie 2,N,N-CO,N-P032-07 BP07,01-Jan-2029,01-Jan-2031,220
P032-13 BP13,Bouwveld Pampus 13,N,N-CO,N-P032-13 BP13,01-Jan-2029,01-Jan-2031,221
M032-23 BM23,Bouwveld Muidenbuurt 23 incl Buurtkamer 1,N,N-CO,N-M032-23 BM23,01-Jan-2029,01-Jan-2031,222
M032-24 BM24,Bouwveld Muidenbuurt 24,N,N-CO,N-M032-24 BM24,01-Jan-2029,01-Jan-2031,223
P062-01 BP01,Werkterrein BP01 aanleg,N,N-WT,N-P062-01 BP01,02-Dec-2029,31-Dec-2029,231
P062-12 BP12,Werkterrein BP12 aanleg,N,N-WT,N-P062-12 BP12,02-Dec-2029,31-Dec-2029,232
H062-03 BH02,Werkterrein BH02 aanleg,N,N-WT,N-H062-03 BH02,02-Dec-2029,31-Dec-2029,233
M062-13 BM11,Werkterrein BM11 aanleg,N,N-WT,N-M062-13 BM11,02-Dec-2029,31-Dec-2029,234
P032-01 BP01,Bouwveld Pampus 01,N,N-CO,N-P032-01 BP01,01-Jan-2030,01-Jan-2032,236
P032-12 BP12,Bouwveld Pampus 12 incl 24 uursopvang 2,N,N-CO,N-P032-12 BP12,01-Jan-2030,01-Jan-2032,237
H032-02 BH02,Bouwveld Havenkom 02,N,N-CO,N-H032-02 BH02,01-Jan-2030,01-Jan-2032,238
M032-11 BM11,Bouwveld Muidenbuurt 11,N,N-CO,N-M032-11 BM11,01-Jan-2030,01-Jan-2032,239
M032-32 BMK3,Bouwveld Makershaven 03B,N,N-CO,N-M032-32 BMK3,01-Jan-2030,01-Jan-2031,240
M032-33 BMK3,Bouwveld Makershaven 03C,N,N-CO,N-M032-33 BMK3,01-Jan-2030,01-Jan-2031,241
M032-34 BMK4,Bouwveld Makershaven 04B,N,N-CO,N-M032-34 BMK4,01-Jan-2030,01-Jan-2031,242
M032-36 BMK5,Bouwveld Makershaven 05B,N,N-CO,N-M032-36 BMK5,01-Jan-2030,01-Jan-2031,243
P062-06 BP06,Werkterrein BP06 aanleg,N,N-WT,N-P062-06 BP06,02-Dec-2030,31-Dec-2030,260
P062-19 BP19,Werkterrein BP19 aanleg,N,N-WT,N-P062-19 BP19,02-Dec-2030,31-Dec-2030,261
P062-20 BP20,Werkterrein BP20 aanleg,N,N-WT,N-P062-20 BP20,02-Dec-2030,31-Dec-2030,262
P032-06 BP06,Bouwveld Pampus 06,N,N-CO,N-P032-06 BP06,01-Jan-2031,01-Jan-2033,263
P032-19 BP19,Bouwveld Pampus 19,N,N-CO,N-P032-19 BP19,01-Jan-2031,01-Jan-2033,264
P032-20 BP20,Bouwveld Pampus 20,N,N-CO,N-P032-20 BP20,01-Jan-2031,01-Jan-2033,265
P062-17 BP17,Werkterrein BP17 aanleg,N,N-WT,N-P062-17 BP17,02-Dec-2031,31-Dec-2031,266
P062-18 BP18,Werkterrein BP18 aanleg,N,N-WT,N-P062-18 BP18,02-Dec-2031,31-Dec-2031,267
H062-02 BH01,Werkterrein BH01 aanleg,N,N-WT,N-H062-02 BH01,02-Dec-2031,31-Dec-2031,268
M062-22 BM20,Werkterrein BM20 aanleg,N,N-WT,N-M062-22 BM20,02-Dec-2031,31-Dec-2031,269
M062-23 BM21,Werkterrein BM21 aanleg,N,N-WT,N-M062-23 BM21,02-Dec-2031,31-Dec-2031,270
M062-24 BM22,Werkterrein BM22 aanleg,N,N-WT,N-M062-24 BM22,02-Dec-2031,31-Dec-2031,271
P032-17 BP17,Bouwveld Pampus 17,N,N-CO,N-P032-17 BP17,01-Jan-2032,01-Jan-2034,272
P032-18 BP18,Bouwveld Pampus 18 incl Buurtkamer 2,N,N-CO,N-P032-18 BP18,01-Jan-2032,01-Jan-2034,273
H032-01 BH01,Bouwveld Havenkom 01,N,N-CO,N-H032-01 BH01,01-Jan-2032,01-Jan-2034,274
M032-20 BM20,Bouwveld Muidenbuurt 20,N,N-CO,N-M032-20 BM20,01-Jan-2032,01-Jan-2034,275
M032-21 BM21,Bouwveld Muidenbuurt 21,N,N-CO,N-M032-21 BM21,01-Jan-2032,01-Jan-2034,276
M032-22 BM22,Bouwveld Muidenbuurt 22 incl Hospice,N,N-CO,N-M032-22 BM22,01-Jan-2032,01-Jan-2034,277
P062-22 BP22,Werkterrein BP22 aanleg,N,N-WT,N-P062-22 BP22,02-Dec-2032,31-Dec-2032,291
P062-23 BP23,Werkterrein BP23 aanleg,N,N-WT,N-P062-23 BP23,02-Dec-2032,31-Dec-2032,292
H062-06 BH05,Werkterrein BH05 aanleg,N,N-WT,N-H062-06 BH05,02-Dec-2032,31-Dec-2032,293
M062-20 BM18,Werkterrein BM18 aanleg,N,N-WT,N-M062-20 BM18,02-Dec-2032,31-Dec-2032,294
M062-21 BM19,Werkterrein BM19 aanleg,N,N-WT,N-M062-21 BM19,02-Dec-2032,31-Dec-2032,295
P032-22 BP22,Bouwveld Pampus 22,N,N-CO,N-P032-22 BP22,01-Jan-2033,01-Jan-2035,297
P032-23 BP23,Bouwveld Pampus 23,N,N-CO,N-P032-23 BP23,01-Jan-2033,01-Jan-2035,298
H032-05 BH05,Bouwveld Havenkom 05,N,N-CO,N-H032-05 BH05,01-Jan-2033,01-Jan-2035,299
M032-18 BM18,Bouwveld Muidenbuurt 18,N,N-CO,N-M032-18 BM18,01-Jan-2033,01-Jan-2035,300
M032-19 BM19,Bouwveld Muidenbuurt 19,N,N-CO,N-M032-19 BM19,01-Jan-2033,01-Jan-2035,301
P062-11 BP11,Werkterrein BP11 aanleg,N,N-WT,N-P062-11 BP11,02-Dec-2033,31-Dec-2033,304
P062-16 BP16,Werkterrein BP16 aanleg,N,N-WT,N-P062-16 BP16,02-Dec-2033,31-Dec-2033,305
P062-32 BP32,Werkterrein BP32 aanleg,N,N-WT,N-P062-32 BP32,02-Dec-2033,31-Dec-2033,306
P062-33 BP33,Werkterrein BP33 aanleg,N,N-WT,N-P062-33 BP33,02-Dec-2033,31-Dec-2033,307
M062-18 BM16,Werkterrein BM16 aanleg,N,N-WT,N-M062-18 BM16,02-Dec-2033,31-Dec-2033,308
M062-19 BM17,Werkterrein BM17 aanleg,N,N-WT,N-M062-19 BM17,02-Dec-2033,31-Dec-2033,309
P032-11 BP11,Bouwveld Pampus 11,N,N-CO,N-P032-11 BP11,01-Jan-2034,01-Jan-2036,311
P032-16 BP16,Bouwveld Pampus 16,N,N-CO,N-P032-16 BP16,01-Jan-2034,01-Jan-2036,312
P032-32 BP32,Bouwveld Pampus 32,N,N-CO,N-P032-32 BP32,01-Jan-2034,01-Jan-2036,313
P032-33 BP33,Bouwveld Pampus 33,N,N-CO,N-P032-33 BP33,01-Jan-2034,01-Jan-2036,314
M032-16 BM16,Bouwveld Muidenbuurt 16,N,N-CO,N-M032-16 BM16,01-Jan-2034,01-Jan-2036,315
M032-17 BM17,Bouwveld Muidenbuurt 17,N,N-CO,N-M032-17 BM17,01-Jan-2034,01-Jan-2036,316
P062-21 BP21,Werkterrein BP21 aanleg,N,N-WT,N-P062-21 BP21,02-Dec-2034,31-Dec-2034,318
P062-27 BP27,Werkterrein BP27 aanleg,N,N-WT,N-P062-27 BP27,02-Dec-2034,31-Dec-2034,319
P062-30 BP30,Werkterrein BP30 aanleg,N,N-WT,N-P062-30 BP30,02-Dec-2034,31-Dec-2034,320
P062-31 BP31,Werkterrein BP31 aanleg,N,N-WT,N-P062-31 BP31,02-Dec-2034,31-Dec-2034,321
M062-15 BM13,Werkterrein BM13 aanleg,N,N-WT,N-M062-15 BM13,02-Dec-2034,31-Dec-2034,322
M062-16 BM14,Werkterrein BM14 aanleg,N,N-WT,N-M062-16 BM14,02-Dec-2034,31-Dec-2034,323
P032-21 BP21,Bouwveld Pampus 21,N,N-CO,N-P032-21 BP21,01-Jan-2035,01-Jan-2037,324
P032-27 BP27,Bouwveld Pampus 27 incl Jeugdcentrum,N,N-CO,N-P032-27 BP27,01-Jan-2035,01-Jan-2037,325
P032-30 BP30,Bouwveld Pampus 30,N,N-CO,N-P032-30 BP30,01-Jan-2035,01-Jan-2037,326
P032-31 BP31,Bouwveld Pampus 31,N,N-CO,N-P032-31 BP31,01-Jan-2035,01-Jan-2037,327
M032-13 BM13,Bouwveld Muidenbuurt 13 incl Jongerencentrum,N,N-CO,N-M032-13 BM13,01-Jan-2035,01-Jan-2037,328
M032-14 BM14,Bouwveld Muidenbuurt 14,N,N-CO,N-M032-14 BM14,01-Jan-2035,01-Jan-2037,329
P062-24 BP24,Werkterrein BP24 aanleg,N,N-WT,N-P062-24 BP24,02-Dec-2035,31-Dec-2035,333
P062-28 BP28,Werkterrein BP28 aanleg,N,N-WT,N-P062-28 BP28,02-Dec-2035,31-Dec-2035,334
M062-14 BM12,Werkterrein BM12 aanleg,N,N-WT,N-M062-14 BM12,02-Dec-2035,31-Dec-2035,335
M062-17 BM15,Werkterrein BM15 aanleg,N,N-WT,N-M062-17 BM15,02-Dec-2035,31-Dec-2035,336
P032-24 BP24,Bouwveld Pampus 24,N,N-CO,N-P032-24 BP24,01-Jan-2036,01-Jan-2038,337
P032-28 BP28,Bouwveld Pampus 28 incl Gezondheidscentrum 3,N,N-CO,N-P032-28 BP28,01-Jan-2036,01-Jan-2038,338
M032-12 BM12,Bouwveld Muidenbuurt 12 incl VO School 1,N,N-CO,N-M032-12 BM12,01-Jan-2036,01-Jan-2038,339
M032-15 BM15,Bouwveld Muidenbuurt 15,N,N-CO,N-M032-15 BM15,01-Jan-2036,01-Jan-2038,340
P062-25 BP25,Werkterrein BP25 aanleg,N,N-WT,N-P062-25 BP25,02-Dec-2036,31-Dec-2036,342
M062-08 BM06,Werkterrein BM06 aanleg,N,N-WT,N-M062-08 BM06,02-Dec-2036,31-Dec-2036,343
M062-10 BM08,Werkterrein BM08 aanleg,N,N-WT,N-M062-10 BM08,02-Dec-2036,31-Dec-2036,344
M062-12 BM10,Werkterrein BM10 aanleg,N,N-WT,N-M062-12 BM10,02-Dec-2036,31-Dec-2036,345
P032-25 BP25,Bouwveld Pampus 25,N,N-CO,N-P032-25 BP25,01-Jan-2037,01-Jan-2039,346
M032-06 BM06,Bouwveld Muidenbuurt 06,N,N-CO,N-M032-06 BM06,01-Jan-2037,01-Jan-2039,347
M032-08 BM08,Bouwveld Muidenbuurt 08,N,N-CO,N-M032-08 BM08,01-Jan-2037,01-Jan-2039,348
M032-10 BM10,Bouwveld Muidenbuurt 10,N,N-CO,N-M032-10 BM10,01-Jan-2037,01-Jan-2039,349
P062-26 BP26,Werkterrein BP26 aanleg,N,N-WT,N-P062-26 BP26,02-Dec-2037,31-Dec-2037,350
P062-29 BP29,Werkterrein BP29 aanleg,N,N-WT,N-P062-29 BP29,02-Dec-2037,31-Dec-2037,351
M062-06 BM04,Werkterrein BM04 aanleg,N,N-WT,N-M062-06 BM04,02-Dec-2037,31-Dec-2037,352
P032-26 BP26,Bouwveld Pampus 26,N,N-CO,N-P032-26 BP26,01-Jan-2038,01-Jan-2040,353
P032-29 BP29,Bouwveld Pampus 29,N,N-CO,N-P032-29 BP29,01-Jan-2038,01-Jan-2040,354
M032-04 BM04,Bouwveld Muidenbuurt 04 incl PO school 3,N,N-CO,N-M032-04 BM04,01-Jan-2038,01-Jan-2040,355
M062-01 BM01,Werkterrein BM01 aanleg,V,V-WT,V-M062-01 BM01,22-Feb-2027,01-Mar-2027,38
M062-04 BM02,Werkterrein BM02 aanleg,V,V-WT,V-M062-04 BM02,02-Oct-2024,09-Oct-2024,39
M032-01 BM01,Bouwveld Muidenbuurt 01 incl Dagbesteding 1,V,V-CO,V-M032-01 BM01,30-Dec-2050,31-Dec-2050,51
M032-02 BM02,Bouwveld Muidenbuurt 02,V,V-CO,V-M032-02 BM02,30-Dec-2050,31-Dec-2050,52
M062-07 BM05,Werkterrein BM05 aanleg,V,V-WT,V-M062-07 BM05,02-Oct-2025,09-Oct-2025,83
M032-05 BM05,Bouwveld Muidenbuurt 05,V,V-CO,V-M032-05 BM05,30-Dec-2050,31-Dec-2050,94
M032-35 BMK5,Bouwveld Makershaven 05A Gemeentewerf,V,V-CO,V-M032-35 BMK5,30-Dec-2050,31-Dec-2050,105
P062-04 BP04,Werkterrein BP04 aanleg,V,V-WT,V-P062-04 BP04,02-Oct-2026,09-Oct-2026,126
P062-09 BP09,Werkterrein BP09 aanleg,V,V-WT,V-P062-09 BP09,02-Oct-2026,09-Oct-2026,127
M062-09 BM07,Werkterrein BM07 aanleg,V,V-WT,V-M062-09 BM07,02-Oct-2026,09-Oct-2026,128
P032-04 BP04,Bouwveld Pampus 04,V,V-CO,V-P032-04 BP04,30-Dec-2050,31-Dec-2050,130
P032-09 BP09,Bouwveld Pampus 09 incl PO school 2,V,V-CO,V-P032-09 BP09,30-Dec-2050,31-Dec-2050,131
M032-07 BM07,Bouwveld Muidenbuurt 07,V,V-CO,V-M032-07 BM07,30-Dec-2050,31-Dec-2050,132
P062-05 BP05,Werkterrein BP05 aanleg,V,V-WT,V-P062-05 BP05,02-Oct-2027,09-Oct-2027,147
P062-10 BP10,Werkterrein BP10 aanleg,V,V-WT,V-P062-10 BP10,02-Oct-2027,09-Oct-2027,148
P062-15 BP15,Werkterrein BP15 aanleg,V,V-WT,V-P062-15 BP15,02-Oct-2027,09-Oct-2027,149
H062-07 BH06,Werkterrein BH06 aanleg,V,V-WT,V-H062-07 BH06,02-Oct-2027,09-Oct-2027,150
P032-05 BP05,Bouwveld Pampus 05,V,V-CO,V-P032-05 BP05,30-Dec-2050,31-Dec-2050,151
P032-10 BP10,Bouwveld Pampus 10,V,V-CO,V-P032-10 BP10,30-Dec-2050,31-Dec-2050,152
P032-15 BP15,Bouwveld Pampus 15,V,V-CO,V-P032-15 BP15,30-Dec-2050,31-Dec-2050,153
H032-06 BH06,Bouwveld Havenkom 06 incl Zwembad,V,V-CO,V-H032-06 BH06,30-Dec-2050,31-Dec-2050,154
M032-28 BMK2,Bouwveld Makershaven 02,V,V-CO,V-M032-28 BMK2,30-Dec-2050,31-Dec-2050,155
P062-14 BP14,Werkterrein BP14 aanleg,V,V-WT,V-P062-14 BP14,02-Oct-2028,09-Oct-2028,167
H062-04 BH03,Werkterrein BH03 aanleg,V,V-WT,V-H062-04 BH03,02-Oct-2028,09-Oct-2028,168
H062-05 BH04,Werkterrein BH04 aanleg,V,V-WT,V-H062-05 BH04,02-Oct-2028,09-Oct-2028,169
M062-27 BM25,Werkterrein BM25 aanleg,V,V-WT,V-M062-27 BM25,02-Oct-2028,09-Oct-2028,170
M062-28 BM26,Werkterrein BM26 aanleg,V,V-WT,V-M062-28 BM26,02-Oct-2028,09-Oct-2028,171
P032-14 BP14,Bouwveld Pampus 14 incl Behandelwoonlocatie 1,V,V-CO,V-P032-14 BP14,30-Dec-2050,31-Dec-2050,185
H032-03 BH03,Bouwveld Havenkom 03,V,V-CO,V-H032-03 BH03,30-Dec-2050,31-Dec-2050,186
H032-04 BH04,Bouwveld Havenkom 04 incl Huis van de Wijk,V,V-CO,V-H032-04 BH04,30-Dec-2050,31-Dec-2050,187
M032-25 BM25,Bouwveld Muidenbuurt 25,V,V-CO,V-M032-25 BM25,30-Dec-2050,31-Dec-2050,188
M032-26 BM26,Bouwveld Muidenbuurt 26,V,V-CO,V-M032-26 BM26,30-Dec-2050,31-Dec-2050,189
M032-27 BMK1,Bouwveld Makershaven 01,V,V-CO,V-M032-27 BMK1,30-Dec-2050,31-Dec-2050,190
M032-30 BMK4,Bouwveld Makershaven 04A,V,V-CO,V-M032-30 BMK4,30-Dec-2050,31-Dec-2050,191
P062-02 BP02,Werkterrein BP02 aanleg,V,V-WT,V-P062-02 BP02,02-Oct-2029,09-Oct-2029,198
P062-03 BP03,Werkterrein BP03 aanleg,V,V-WT,V-P062-03 BP03,02-Oct-2029,09-Oct-2029,199
P062-08 BP08,Werkterrein BP08 aanleg,V,V-WT,V-P062-08 BP08,02-Oct-2029,09-Oct-2029,200
M062-11 BM09,Werkterrein BM09 aanleg,V,V-WT,V-M062-11 BM09,02-Oct-2029,09-Oct-2029,201
P032-02 BP02,Bouwveld Pampus 02,V,V-CO,V-P032-02 BP02,30-Dec-2050,31-Dec-2050,203
P032-03 BP03,Bouwveld Pampus 03,V,V-CO,V-P032-03 BP03,30-Dec-2050,31-Dec-2050,204
P032-08 BP08,Bouwveld Pampus 08 incl Gezondheidscentrum 2,V,V-CO,V-P032-08 BP08,30-Dec-2050,31-Dec-2050,205
M032-09 BM09,Bouwveld Muidenbuurt 09 incl 24 uursopvang 1,V,V-CO,V-M032-09 BM09,30-Dec-2050,31-Dec-2050,206
M032-29 BMK3,Bouwveld Makershaven 03A,V,V-CO,V-M032-29 BMK3,30-Dec-2050,31-Dec-2050,207
P062-07 BP07,Werkterrein BP07 aanleg,V,V-WT,V-P062-07 BP07,02-Oct-2030,09-Oct-2030,214
P062-13 BP13,Werkterrein BP13 aanleg,V,V-WT,V-P062-13 BP13,02-Oct-2030,09-Oct-2030,215
M062-25 BM23,Werkterrein BM23 aanleg,V,V-WT,V-M062-25 BM23,02-Oct-2030,09-Oct-2030,216
M062-26 BM24,Werkterrein BM24 aanleg,V,V-WT,V-M062-26 BM24,02-Oct-2030,09-Oct-2030,217
P032-07 BP07,Bouwveld Pampus 07 incl Dagbesteding 2 en Behandelwoonlocatie 2,V,V-CO,V-P032-07 BP07,30-Dec-2050,31-Dec-2050,220
P032-13 BP13,Bouwveld Pampus 13,V,V-CO,V-P032-13 BP13,30-Dec-2050,31-Dec-2050,221
M032-23 BM23,Bouwveld Muidenbuurt 23 incl Buurtkamer 1,V,V-CO,V-M032-23 BM23,30-Dec-2050,31-Dec-2050,222
M032-24 BM24,Bouwveld Muidenbuurt 24,V,V-CO,V-M032-24 BM24,30-Dec-2050,31-Dec-2050,223
P062-01 BP01,Werkterrein BP01 aanleg,V,V-WT,V-P062-01 BP01,02-Oct-2031,09-Oct-2031,231
P062-12 BP12,Werkterrein BP12 aanleg,V,V-WT,V-P062-12 BP12,02-Oct-2031,09-Oct-2031,232
H062-03 BH02,Werkterrein BH02 aanleg,V,V-WT,V-H062-03 BH02,02-Oct-2031,09-Oct-2031,233
M062-13 BM11,Werkterrein BM11 aanleg,V,V-WT,V-M062-13 BM11,02-Oct-2031,09-Oct-2031,234
P032-01 BP01,Bouwveld Pampus 01,V,V-CO,V-P032-01 BP01,30-Dec-2050,31-Dec-2050,236
P032-12 BP12,Bouwveld Pampus 12 incl 24 uursopvang 2,V,V-CO,V-P032-12 BP12,30-Dec-2050,31-Dec-2050,237
H032-02 BH02,Bouwveld Havenkom 02,V,V-CO,V-H032-02 BH02,30-Dec-2050,31-Dec-2050,238
M032-11 BM11,Bouwveld Muidenbuurt 11,V,V-CO,V-M032-11 BM11,30-Dec-2050,31-Dec-2050,239
M032-32 BMK3,Bouwveld Makershaven 03B,V,V-CO,V-M032-32 BMK3,30-Dec-2050,31-Dec-2050,240
M032-33 BMK3,Bouwveld Makershaven 03C,V,V-CO,V-M032-33 BMK3,30-Dec-2050,31-Dec-2050,241
M032-34 BMK4,Bouwveld Makershaven 04B,V,V-CO,V-M032-34 BMK4,30-Dec-2050,31-Dec-2050,242
M032-36 BMK5,Bouwveld Makershaven 05B,V,V-CO,V-M032-36 BMK5,30-Dec-2050,31-Dec-2050,243
P062-06 BP06,Werkterrein BP06 aanleg,V,V-WT,V-P062-06 BP06,02-Oct-2032,09-Oct-2032,260
P062-19 BP19,Werkterrein BP19 aanleg,V,V-WT,V-P062-19 BP19,02-Oct-2032,09-Oct-2032,261
P062-20 BP20,Werkterrein BP20 aanleg,V,V-WT,V-P062-20 BP20,02-Oct-2032,09-Oct-2032,262
P032-06 BP06,Bouwveld Pampus 06,V,V-CO,V-P032-06 BP06,30-Dec-2050,31-Dec-2050,263
P032-19 BP19,Bouwveld Pampus 19,V,V-CO,V-P032-19 BP19,30-Dec-2050,31-Dec-2050,264
P032-20 BP20,Bouwveld Pampus 20,V,V-CO,V-P032-20 BP20,30-Dec-2050,31-Dec-2050,265
P062-17 BP17,Werkterrein BP17 aanleg,V,V-WT,V-P062-17 BP17,02-Oct-2033,09-Oct-2033,266
P062-18 BP18,Werkterrein BP18 aanleg,V,V-WT,V-P062-18 BP18,02-Oct-2033,09-Oct-2033,267
H062-02 BH01,Werkterrein BH01 aanleg,V,V-WT,V-H062-02 BH01,02-Oct-2033,09-Oct-2033,268
M062-22 BM20,Werkterrein BM20 aanleg,V,V-WT,V-M062-22 BM20,02-Oct-2033,09-Oct-2033,269
M062-23 BM21,Werkterrein BM21 aanleg,V,V-WT,V-M062-23 BM21,02-Oct-2033,09-Oct-2033,270
M062-24 BM22,Werkterrein BM22 aanleg,V,V-WT,V-M062-24 BM22,02-Oct-2033,09-Oct-2033,271
P032-17 BP17,Bouwveld Pampus 17,V,V-CO,V-P032-17 BP17,30-Dec-2050,31-Dec-2050,272
P032-18 BP18,Bouwveld Pampus 18 incl Buurtkamer 2,V,V-CO,V-P032-18 BP18,30-Dec-2050,31-Dec-2050,273
H032-01 BH01,Bouwveld Havenkom 01,V,V-CO,V-H032-01 BH01,30-Dec-2050,31-Dec-2050,274
M032-20 BM20,Bouwveld Muidenbuurt 20,V,V-CO,V-M032-20 BM20,30-Dec-2050,31-Dec-2050,275
M032-21 BM21,Bouwveld Muidenbuurt 21,V,V-CO,V-M032-21 BM21,30-Dec-2050,31-Dec-2050,276
M032-22 BM22,Bouwveld Muidenbuurt 22 incl Hospice,V,V-CO,V-M032-22 BM22,30-Dec-2050,31-Dec-2050,277
P062-22 BP22,Werkterrein BP22 aanleg,V,V-WT,V-P062-22 BP22,02-Oct-2034,09-Oct-2034,291
P062-23 BP23,Werkterrein BP23 aanleg,V,V-WT,V-P062-23 BP23,02-Oct-2034,09-Oct-2034,292
H062-06 BH05,Werkterrein BH05 aanleg,V,V-WT,V-H062-06 BH05,02-Oct-2034,09-Oct-2034,293
M062-20 BM18,Werkterrein BM18 aanleg,V,V-WT,V-M062-20 BM18,02-Oct-2034,09-Oct-2034,294
M062-21 BM19,Werkterrein BM19 aanleg,V,V-WT,V-M062-21 BM19,02-Oct-2034,09-Oct-2034,295
P032-22 BP22,Bouwveld Pampus 22,V,V-CO,V-P032-22 BP22,30-Dec-2050,31-Dec-2050,297
P032-23 BP23,Bouwveld Pampus 23,V,V-CO,V-P032-23 BP23,30-Dec-2050,31-Dec-2050,298
H032-05 BH05,Bouwveld Havenkom 05,V,V-CO,V-H032-05 BH05,30-Dec-2050,31-Dec-2050,299
M032-18 BM18,Bouwveld Muidenbuurt 18,V,V-CO,V-M032-18 BM18,30-Dec-2050,31-Dec-2050,300
M032-19 BM19,Bouwveld Muidenbuurt 19,V,V-CO,V-M032-19 BM19,30-Dec-2050,31-Dec-2050,301
P062-11 BP11,Werkterrein BP11 aanleg,V,V-WT,V-P062-11 BP11,02-Oct-2035,09-Oct-2035,304
P062-16 BP16,Werkterrein BP16 aanleg,V,V-WT,V-P062-16 BP16,02-Oct-2035,09-Oct-2035,305
P062-32 BP32,Werkterrein BP32 aanleg,V,V-WT,V-P062-32 BP32,02-Oct-2035,09-Oct-2035,306
P062-33 BP33,Werkterrein BP33 aanleg,V,V-WT,V-P062-33 BP33,02-Oct-2035,09-Oct-2035,307
M062-18 BM16,Werkterrein BM16 aanleg,V,V-WT,V-M062-18 BM16,02-Oct-2035,09-Oct-2035,308
M062-19 BM17,Werkterrein BM17 aanleg,V,V-WT,V-M062-19 BM17,02-Oct-2035,09-Oct-2035,309
P032-11 BP11,Bouwveld Pampus 11,V,V-CO,V-P032-11 BP11,30-Dec-2050,31-Dec-2050,311
P032-16 BP16,Bouwveld Pampus 16,V,V-CO,V-P032-16 BP16,30-Dec-2050,31-Dec-2050,312
P032-32 BP32,Bouwveld Pampus 32,V,V-CO,V-P032-32 BP32,30-Dec-2050,31-Dec-2050,313
P032-33 BP33,Bouwveld Pampus 33,V,V-CO,V-P032-33 BP33,30-Dec-2050,31-Dec-2050,314
M032-16 BM16,Bouwveld Muidenbuurt 16,V,V-CO,V-M032-16 BM16,30-Dec-2050,31-Dec-2050,315
M032-17 BM17,Bouwveld Muidenbuurt 17,V,V-CO,V-M032-17 BM17,30-Dec-2050,31-Dec-2050,316
P062-21 BP21,Werkterrein BP21 aanleg,V,V-WT,V-P062-21 BP21,02-Oct-2036,09-Oct-2036,318
P062-27 BP27,Werkterrein BP27 aanleg,V,V-WT,V-P062-27 BP27,02-Oct-2036,09-Oct-2036,319
P062-30 BP30,Werkterrein BP30 aanleg,V,V-WT,V-P062-30 BP30,02-Oct-2036,09-Oct-2036,320
P062-31 BP31,Werkterrein BP31 aanleg,V,V-WT,V-P062-31 BP31,02-Oct-2036,09-Oct-2036,321
M062-15 BM13,Werkterrein BM13 aanleg,V,V-WT,V-M062-15 BM13,02-Oct-2036,09-Oct-2036,322
M062-16 BM14,Werkterrein BM14 aanleg,V,V-WT,V-M062-16 BM14,02-Oct-2036,09-Oct-2036,323
P032-21 BP21,Bouwveld Pampus 21,V,V-CO,V-P032-21 BP21,30-Dec-2050,31-Dec-2050,324
P032-27 BP27,Bouwveld Pampus 27 incl Jeugdcentrum,V,V-CO,V-P032-27 BP27,30-Dec-2050,31-Dec-2050,325
P032-30 BP30,Bouwveld Pampus 30,V,V-CO,V-P032-30 BP30,30-Dec-2050,31-Dec-2050,326
P032-31 BP31,Bouwveld Pampus 31,V,V-CO,V-P032-31 BP31,30-Dec-2050,31-Dec-2050,327
M032-13 BM13,Bouwveld Muidenbuurt 13 incl Jongerencentrum,V,V-CO,V-M032-13 BM13,30-Dec-2050,31-Dec-2050,328
M032-14 BM14,Bouwveld Muidenbuurt 14,V,V-CO,V-M032-14 BM14,30-Dec-2050,31-Dec-2050,329
P062-24 BP24,Werkterrein BP24 aanleg,V,V-WT,V-P062-24 BP24,02-Oct-2037,09-Oct-2037,333
P062-28 BP28,Werkterrein BP28 aanleg,V,V-WT,V-P062-28 BP28,02-Oct-2037,09-Oct-2037,334
M062-14 BM12,Werkterrein BM12 aanleg,V,V-WT,V-M062-14 BM12,02-Oct-2037,09-Oct-2037,335
M062-17 BM15,Werkterrein BM15 aanleg,V,V-WT,V-M062-17 BM15,02-Oct-2037,09-Oct-2037,336
P032-24 BP24,Bouwveld Pampus 24,V,V-CO,V-P032-24 BP24,30-Dec-2050,31-Dec-2050,337
P032-28 BP28,Bouwveld Pampus 28 incl Gezondheidscentrum 3,V,V-CO,V-P032-28 BP28,30-Dec-2050,31-Dec-2050,338
M032-12 BM12,Bouwveld Muidenbuurt 12 incl VO School 1,V,V-CO,V-M032-12 BM12,30-Dec-2050,31-Dec-2050,339
M032-15 BM15,Bouwveld Muidenbuurt 15,V,V-CO,V-M032-15 BM15,30-Dec-2050,31-Dec-2050,340
P062-25 BP25,Werkterrein BP25 aanleg,V,V-WT,V-P062-25 BP25,02-Oct-2038,09-Oct-2038,342
M062-08 BM06,Werkterrein BM06 aanleg,V,V-WT,V-M062-08 BM06,02-Oct-2038,09-Oct-2038,343
M062-10 BM08,Werkterrein BM08 aanleg,V,V-WT,V-M062-10 BM08,02-Oct-2038,09-Oct-2038,344
M062-12 BM10,Werkterrein BM10 aanleg,V,V-WT,V-M062-12 BM10,02-Oct-2038,09-Oct-2038,345
P032-25 BP25,Bouwveld Pampus 25,V,V-CO,V-P032-25 BP25,30-Dec-2050,31-Dec-2050,346
M032-06 BM06,Bouwveld Muidenbuurt 06,V,V-CO,V-M032-06 BM06,30-Dec-2050,31-Dec-2050,347
M032-08 BM08,Bouwveld Muidenbuurt 08,V,V-CO,V-M032-08 BM08,30-Dec-2050,31-Dec-2050,348
M032-10 BM10,Bouwveld Muidenbuurt 10,V,V-CO,V-M032-10 BM10,30-Dec-2050,31-Dec-2050,349
P062-26 BP26,Werkterrein BP26 aanleg,V,V-WT,V-P062-26 BP26,02-Oct-2039,09-Oct-2039,350
P062-29 BP29,Werkterrein BP29 aanleg,V,V-WT,V-P062-29 BP29,02-Oct-2039,09-Oct-2039,351
M062-06 BM04,Werkterrein BM04 aanleg,V,V-WT,V-M062-06 BM04,02-Oct-2039,09-Oct-2039,352
P032-26 BP26,Bouwveld Pampus 26,V,V-CO,V-P032-26 BP26,30-Dec-2050,31-Dec-2050,353
P032-29 BP29,Bouwveld Pampus 29,V,V-CO,V-P032-29 BP29,30-Dec-2050,31-Dec-2050,354
M032-04 BM04,Bouwveld Muidenbuurt 04 incl PO school 3,V,V-CO,V-M032-04 BM04,30-Dec-2050,31-Dec-2050,355
M221-12 BMK5, Onderstation (OS) Liander,N,N-CO,N-M221-12 BMK5,01-Apr-2021,01-Apr-2022,21
M291-03 OC02,Brug 2125 Werkterrein aanleg,N,N-WT,N-M291-03 OC02,23-Sep-2021,30-Sep-2021,24
M231-03 OC02,Brug 2125,N,N-CO,N-M231-03 OC02,23-Sep-2021,19-Jan-2023,25
H291-01 OWH2,PP Werkterrein aanleg,N,N-WT,N-H291-01 OWH2,02-Jul-2022,31-Jul-2022,32
H250-01 OWH2,PP,N,N-CO,N-H250-01 OWH2,01-Aug-2022,31-Aug-2024,33
S231-01 ALG0,Brug 2060,N,N-CO,N-S231-01 ALG0,04-Jan-2023,15-Jul-2024,35
M261-01 OSM1,Kademuur Muider 1,N,N-CO,N-M261-01 OSM1,01-Jan-2023,01-Dec-2023,44
M221-11 BM01,Water- en EnergieGebouw (WEG),N,N-CO,N-M221-11 BM01,01-Jun-2023,01-May-2024,53
S291-02 ALG0,Brug 2060 Werkterrein aanleg,N,N-WT,N-S291-02 ALG0,04-Jan-2023,11-Jan-2023,56
S255-01 ALG0,Zonneweide Muidenbuurt,N,N-CO,N-S255-01 ALG0,01-Mar-2023,01-Aug-2023,59
M291-04 BM03,Werkterrein Woningblok BM03 aanleg,N,N-WT,N-M291-04 BM03,02-May-2023,31-May-2023,61
S221-01 ALG0,Gelijkrichterstation,N,N-CO,N-S221-01 ALG0,01-Jun-2023,01-Aug-2023,62
M291-01 BM03,Werkterrein school BM03 aanleg,N,N-WT,N-M291-01 BM03,01-Jun-2023,30-Jun-2023,63
M291-02 OC01,Brug 2080 Werkterrein aanleg,N,N-WT,N-M291-02 OC01,03-Jul-2023,10-Jul-2023,73
M231-02 OC01,Brug 2080,N,N-CO,N-M231-02 OC01,03-Jul-2023,14-Jan-2025,81
M223-01 BM03,Woningblok BM03,N,N-CO,N-M223-01 BM03,01-Jan-2024,01-Jan-2025,96
M224-01 BM03,School BM03,N,N-CO,N-M224-01 BM03,01-Jan-2024,01-Jan-2025,97
M221-01 OWM4,GVB kantine keerlus,N,N-CO,N-M221-01 OWM4,01-May-2024,01-Sep-2024,100
M261-05 OWMK,Kademuur Makershaven 1,N,N-CO,N-M261-05 OWMK,01-Aug-2024,01-Aug-2025,106
M261-07 OWMK,Kademuur Makershaven 3,N,N-CO,N-M261-07 OWMK,01-Aug-2024,01-Aug-2025,107
M261-09 OWMK,Kademuur Makershaven 5,N,N-CO,N-M261-09 OWMK,01-Aug-2024,01-Aug-2025,108
P231-01 OC03,Brug 2062,N,N-CO,N-P231-01 OC03,01-Dec-2023,01-Dec-2025,118
H250-02 BH05,Buslaadstation GVB,N,N-CO,N-H250-02 BH05,02-Sep-2024,01-Nov-2024,120
P291-02 OC03,Werkterrein brug 2062 aanleg,N,N-WT,N-P291-02 OC03,01-Dec-2023,08-Dec-2023,124
M231-04 OWM2,Tijdelijke overbrugging bouwweg sportpark,N,N-CO,N-M231-04 OWM2,01-Sep-2024,01-Feb-2025,129
P221-01 OPP1,Vacuümstation Waternet,N,N-CO,N-P221-01 OPP1,01-Mar-2026,30-Sep-2026,157
P221-02 OPP2,Gemaal Waternet ,N,N-CO,N-P221-02 OPP2,01-Mar-2026,30-Sep-2026,158
P261-01 OWP1,Kademuur Pampus 1,N,N-CO,N-P261-01 OWP1,01-Aug-2026,01-Apr-2027,162
P261-02 OWP1,Kademuur Pampus 2,N,N-CO,N-P261-02 OWP1,01-Aug-2026,01-Apr-2027,163
H261-01 OWH1,Kademuur Haven 1,N,N-CO,N-H261-01 OWH1,01-Aug-2026,01-Apr-2027,164
M261-02 OWM8,Kademuur Muider 2,N,N-CO,N-M261-02 OWM8,01-Jan-2027,01-Dec-2027,176
M261-03 OWM8,Kademuur Muider 3,N,N-CO,N-M261-03 OWM8,01-Jan-2027,01-Dec-2027,177
M261-04 OWM8,Kademuur Muider 4,N,N-CO,N-M261-04 OWM8,01-Jan-2027,01-Dec-2027,178
P261-05 OC05,Kademuur Pampus 5,N,N-CO,N-P261-05 OC05,01-Jan-2027,01-Dec-2027,179
P261-08 OWP6,Kademuur Pampus 8,N,N-CO,N-P261-08 OWP6,01-Jan-2027,01-Dec-2027,180
P261-09 OWP6,Kademuur Pampus 9,N,N-CO,N-P261-09 OWP6,01-Jan-2027,01-Dec-2027,181
P261-10 OWP5,Kademuur Pampus 10,N,N-CO,N-P261-10 OWP5,01-Jan-2027,01-Dec-2027,182
P261-06 OSP2,Kademuur Pampus 6,N,N-CO,N-P261-06 OSP2,01-Jan-2027,12-Jan-2027,183
P261-07 OSP1,Kademuur Pampus 7,N,N-CO,N-P261-07 OSP1,01-Jan-2027,12-Jan-2027,184
P261-11 OWP5,Kademuur Pampus 11,N,N-CO,N-P261-11 OWP5,01-Jan-2027,01-Jan-2028,192
P261-03 OWP3,Kademuur Pampus 3,N,N-CO,N-P261-03 OWP3,01-Apr-2027,01-Dec-2027,193
P261-04 OWP4,Kademuur Pampus 4,N,N-CO,N-P261-04 OWP4,01-Apr-2027,01-Dec-2027,194
H261-03 OWH4,Kademuur Haven 3,N,N-CO,N-H261-03 OWH4,01-Aug-2027,01-Apr-2028,196
H261-04 OWH4,Kademuur Haven 4,N,N-CO,N-H261-04 OWH4,01-Aug-2027,01-Apr-2028,197
M261-06 OWMK,Kademuur Makershaven 2,N,N-CO,N-M261-06 OWMK,01-Jan-2028,01-Dec-2028,202
P261-12 OC05,Kademuur Pampus 12,N,N-CO,N-P261-12 OC05,01-Jan-2028,01-Dec-2028,210
H261-02 OWH1,Kademuur Haven 2,N,N-CO,N-H261-02 OWH1,01-Jan-2028,01-Jan-2029,211
M261-08 OWMK,Kademuur Makershaven 4,N,N-CO,N-M261-08 OWMK,01-Jan-2029,01-Dec-2029,218
H261-05 OSH1,Kademuur Haven 5,N,N-CO,N-H261-05 OSH1,01-Jan-2029,12-Jan-2029,219
P221-03 OPP6,Vacuümstation Waternet ,N,N-CO,N-P221-03 OPP6,01-Jan-2032,01-Jan-2033,290
S291-01 ALG0,Werkterrein loopbruggen over het Oog aanleg,N,N-WT,N-S291-01 ALG0,25-Dec-2032,31-Dec-2032,296
S231-02 ALG0,Loopbruggen over het Oog,N,N-CO,N-S231-02 ALG0,01-Jan-2033,01-Dec-2033,303
M221-12 BMK5, Onderstation (OS) Liander,V,V-CO,V-M221-12 BMK5,30-Dec-2050,31-Dec-2050,21
M291-03 OC02,Brug 2125 Werkterrein aanleg,V,V-WT,V-M291-03 OC02,12-Jan-2023,19-Jan-2023,24
M231-03 OC02,Brug 2125,V,V-CO,V-M231-03 OC02,30-Dec-2050,31-Dec-2050,25
H291-01 OWH2,PP Werkterrein aanleg,V,V-WT,V-H291-01 OWH2,01-Jun-2024,08-Jun-2024,32
H250-01 OWH2,PP,V,V-CO,V-H250-01 OWH2,30-Dec-2050,31-Dec-2050,33
S231-01 ALG0,Brug 2060,V,V-CO,V-S231-01 ALG0,30-Dec-2050,31-Dec-2050,35
M261-01 OSM1,Kademuur Muider 1,V,V-CO,V-M261-01 OSM1,30-Dec-2050,31-Dec-2050,44
M221-11 BM01,Water- en EnergieGebouw (WEG),V,V-CO,V-M221-11 BM01,30-Dec-2050,31-Dec-2050,53
S291-02 ALG0,Brug 2060 Werkterrein aanleg,V,V-WT,V-S291-02 ALG0,08-Jul-2024,15-Jul-2024,56
S255-01 ALG0,Zonneweide Muidenbuurt,V,V-CO,V-S255-01 ALG0,02-Jan-2036,01-Feb-2036,59
M291-04 BM03,Werkterrein Woningblok BM03 aanleg,V,V-WT,V-M291-04 BM03,31-Mar-2023,07-Apr-2023,61
S221-01 ALG0,Gelijkrichterstation,V,V-CO,V-S221-01 ALG0,30-Dec-2050,31-Dec-2050,62
M291-01 BM03,Werkterrein school BM03 aanleg,V,V-WT,V-M291-01 BM03,30-Nov-2037,07-Dec-2037,63
M291-02 OC01,Brug 2080 Werkterrein aanleg,V,V-WT,V-M291-02 OC01,07-Jan-2025,14-Jan-2025,73
M231-02 OC01,Brug 2080,V,V-CO,V-M231-02 OC01,30-Dec-2050,31-Dec-2050,81
M223-01 BM03,Woningblok BM03,V,V-CO,V-M223-01 BM03,30-Dec-2050,31-Dec-2050,96
M224-01 BM03,School BM03,V,V-CO,V-M224-01 BM03,30-Dec-2050,31-Dec-2050,97
M221-01 OWM4,GVB kantine keerlus,V,V-CO,V-M221-01 OWM4,30-Dec-2050,31-Dec-2050,100
M261-05 OWMK,Kademuur Makershaven 1,V,V-CO,V-M261-05 OWMK,30-Dec-2050,31-Dec-2050,106
M261-07 OWMK,Kademuur Makershaven 3,V,V-CO,V-M261-07 OWMK,30-Dec-2050,31-Dec-2050,107
M261-09 OWMK,Kademuur Makershaven 5,V,V-CO,V-M261-09 OWMK,30-Dec-2050,31-Dec-2050,108
P231-01 OC03,Brug 2062,V,V-CO,V-P231-01 OC03,30-Dec-2050,31-Dec-2050,118
H250-02 BH05,Buslaadstation GVB,V,V-CO,V-H250-02 BH05,01-Jan-2032,01-Mar-2032,120
P291-02 OC03,Werkterrein brug 2062 aanleg,V,V-WT,V-P291-02 OC03,02-Apr-2028,06-Apr-2028,124
M231-04 OWM2,Tijdelijke overbrugging bouwweg sportpark,V,V-CO,V-M231-04 OWM2,01-Dec-2035,01-Feb-2036,129
P221-01 OPP1,Vacuümstation Waternet,V,V-CO,V-P221-01 OPP1,30-Dec-2050,31-Dec-2050,157
P221-02 OPP2,Gemaal Waternet ,V,V-CO,V-P221-02 OPP2,30-Dec-2050,31-Dec-2050,158
P261-01 OWP1,Kademuur Pampus 1,V,V-CO,V-P261-01 OWP1,30-Dec-2050,31-Dec-2050,162
P261-02 OWP1,Kademuur Pampus 2,V,V-CO,V-P261-02 OWP1,30-Dec-2050,31-Dec-2050,163
H261-01 OWH1,Kademuur Haven 1,V,V-CO,V-H261-01 OWH1,30-Dec-2050,31-Dec-2050,164
M261-02 OWM8,Kademuur Muider 2,V,V-CO,V-M261-02 OWM8,30-Dec-2050,31-Dec-2050,176
M261-03 OWM8,Kademuur Muider 3,V,V-CO,V-M261-03 OWM8,30-Dec-2050,31-Dec-2050,177
M261-04 OWM8,Kademuur Muider 4,V,V-CO,V-M261-04 OWM8,30-Dec-2050,31-Dec-2050,178
P261-05 OC05,Kademuur Pampus 5,V,V-CO,V-P261-05 OC05,30-Dec-2050,31-Dec-2050,179
P261-08 OWP6,Kademuur Pampus 8,V,V-CO,V-P261-08 OWP6,30-Dec-2050,31-Dec-2050,180
P261-09 OWP6,Kademuur Pampus 9,V,V-CO,V-P261-09 OWP6,30-Dec-2050,31-Dec-2050,181
P261-10 OWP5,Kademuur Pampus 10,V,V-CO,V-P261-10 OWP5,30-Dec-2050,31-Dec-2050,182
P261-06 OSP2,Kademuur Pampus 6,V,V-CO,V-P261-06 OSP2,30-Dec-2050,31-Dec-2050,183
P261-07 OSP1,Kademuur Pampus 7,V,V-CO,V-P261-07 OSP1,30-Dec-2050,31-Dec-2050,184
P261-11 OWP5,Kademuur Pampus 11,V,V-CO,V-P261-11 OWP5,30-Dec-2050,31-Dec-2050,192
P261-03 OWP3,Kademuur Pampus 3,V,V-CO,V-P261-03 OWP3,30-Dec-2050,31-Dec-2050,193
P261-04 OWP4,Kademuur Pampus 4,V,V-CO,V-P261-04 OWP4,30-Dec-2050,31-Dec-2050,194
H261-03 OWH4,Kademuur Haven 3,V,V-CO,V-H261-03 OWH4,30-Dec-2050,31-Dec-2050,196
H261-04 OWH4,Kademuur Haven 4,V,V-CO,V-H261-04 OWH4,30-Dec-2050,31-Dec-2050,197
M261-06 OWMK,Kademuur Makershaven 2,V,V-CO,V-M261-06 OWMK,30-Dec-2050,31-Dec-2050,202
P261-12 OC05,Kademuur Pampus 12,V,V-CO,V-P261-12 OC05,30-Dec-2050,31-Dec-2050,210
H261-02 OWH1,Kademuur Haven 2,V,V-CO,V-H261-02 OWH1,30-Dec-2050,31-Dec-2050,211
M261-08 OWMK,Kademuur Makershaven 4,V,V-CO,V-M261-08 OWMK,30-Dec-2050,31-Dec-2050,218
H261-05 OSH1,Kademuur Haven 5,V,V-CO,V-H261-05 OSH1,30-Dec-2050,31-Dec-2050,219
P221-03 OPP6,Vacuümstation Waternet ,V,V-CO,V-P221-03 OPP6,30-Dec-2050,31-Dec-2050,290
S291-01 ALG0,Werkterrein loopbruggen over het Oog aanleg,V,V-WT,V-S291-01 ALG0,02-Dec-2033,06-Dec-2033,296
S231-02 ALG0,Loopbruggen over het Oog,V,V-CO,V-S231-02 ALG0,30-Dec-2050,31-Dec-2050,303
Kabels en Leidingen,Kabels en Leidingen,,,Kabels en Leidingen,01-Jan-2020,02-Jan-2020,
S033-01 ALG0,Hoofdnet uit brug 2125,N,N-OI,N-S033-01 ALG0,01-Sep-2022,01-Sep-2023,34
S033-02 ALG0,Hoofdnet Makershavenstraat,N,N-OI,N-S033-02 ALG0,01-Oct-2022,01-Sep-2023,36
S033-27 ALG0,Hoofdnet punt Havenkwartier,N,N-OI,N-S033-27 ALG0,01-Oct-2022,01-Sep-2023,37
M033-01 OWM1,Distributienet tbv bebouwing BM02,N,N-OI,N-M033-01 OWM1,01-Mar-2023,01-Jun-2023,58
M033-02 OWM1,Distributienet tpv bouwweg 9b,N,N-OI,N-M033-02 OWM1,01-Mar-2023,01-Jun-2023,60
S033-04 ALG0,Hoofdnet Strandeilandlaan west,N,N-OI,N-S033-04 ALG0,01-Oct-2023,01-Jul-2024,76
S033-21 ALG0,Hoofdnet OWH1-OWM1,N,N-OI,N-S033-21 ALG0,01-Oct-2023,01-Jul-2024,77
S033-23 ALG0,Hoofdnet HDWL doorsteek,N,N-OI,N-S033-23 ALG0,01-Oct-2023,01-Jul-2024,78
S033-09 ALG0,Hoofdnet Oeverparklaan West tot t keerlus,N,N-OI,N-S033-09 ALG0,01-Jan-2024,01-Aug-2024,95
S033-03 ALG0,Hoofdnet uit 2080 en PP,N,N-OI,N-S033-03 ALG0,01-Feb-2024,01-May-2024,98
S033-26 ALG0,Hoofdnet tussen brug 2080 en Makersstraat,N,N-OI,N-S033-26 ALG0,01-May-2024,01-Aug-2024,125
S033-05 ALG0,Hoofdnet Strandeilandlaan oost naar keerlus ,N,N-OI,N-S033-05 ALG0,01-Jan-2025,01-Sep-2025,135
S033-06 ALG0,Hoofdnet keerlus naar Buiteneiland,N,N-OI,N-S033-06 ALG0,01-Jan-2025,01-Sep-2025,136
S033-10 ALG0,Hoofdnet Oeverparklaan tot oostelijke dam,N,N-OI,N-S033-10 ALG0,01-Jan-2025,01-Apr-2025,137
S033-22 ALG0,Hoofdnet OWP2 zuid,N,N-OI,N-S033-22 ALG0,01-Mar-2025,31-Oct-2025,140
S033-08 ALG0,Hoofdnet brug 2062 naar Pampuslaan kruisp,N,N-OI,N-S033-08 ALG0,01-Mar-2025,31-Oct-2025,146
S033-07 ALG0,Hoofdnet brug 2062 naar Buiteneiland,N,N-OI,N-S033-07 ALG0,01-Jun-2026,01-Jun-2027,195
S033-24 ALG0,Hoofdnet Elektra BB Muider,N,N-OI,N-S033-24 ALG0,01-Jan-2030,01-Jan-2031,252
S033-25 ALG0,Hoofdnet Elektra BB Pampus,N,N-OI,N-S033-25 ALG0,01-Jan-2030,01-Jan-2031,253
S033-11 ALG0,Hoofdnet Muidenbuurt N-Z west,N,N-OI,N-S033-11 ALG0,01-Jan-2032,01-Jan-2033,280
S033-12 ALG0,Hoofdnet Muidenbuurt N-Z oost,N,N-OI,N-S033-12 ALG0,01-Jan-2032,01-Jan-2033,281
S033-13 ALG0,Hoofdnet Vacuümstation bij OPM5,N,N-OI,N-S033-13 ALG0,01-Jan-2032,01-Jan-2033,282
S033-14 ALG0,Hoofdnet Pampus west,N,N-OI,N-S033-14 ALG0,01-Jan-2032,01-Jan-2033,283
S033-15 ALG0,Hoofdnet Pampus oost,N,N-OI,N-S033-15 ALG0,01-Jan-2032,01-Jan-2033,284
S033-16 ALG0,Hoofdnet Pampus transportriool west,N,N-OI,N-S033-16 ALG0,01-Jan-2032,01-Jan-2033,285
S033-17 ALG0,Hoofdnet Pampus transportriool oost,N,N-OI,N-S033-17 ALG0,01-Jan-2032,01-Jan-2033,286
S033-18 ALG0,Hoofdnet Pampus persleiding west,N,N-OI,N-S033-18 ALG0,01-Jan-2032,01-Jan-2033,287
S033-19 ALG0,Hoofdnet Pampus persleiding oost,N,N-OI,N-S033-19 ALG0,01-Jan-2032,01-Jan-2033,288
S033-20 ALG0,Hoofdnet ring drinkwater west,N,N-OI,N-S033-20 ALG0,01-Jan-2032,01-Jan-2033,289
S033-01 ALG0,Hoofdnet uit brug 2125,V,V-OI,V-S033-01 ALG0,30-Dec-2050,31-Dec-2050,34
S033-02 ALG0,Hoofdnet Makershavenstraat,V,V-OI,V-S033-02 ALG0,30-Dec-2050,31-Dec-2050,36
S033-27 ALG0,Hoofdnet punt Havenkwartier,V,V-OI,V-S033-27 ALG0,30-Dec-2050,31-Dec-2050,37
M033-01 OWM1,Distributienet tbv bebouwing BM02,V,V-OI,V-M033-01 OWM1,30-Dec-2050,31-Dec-2050,58
M033-02 OWM1,Distributienet tpv bouwweg 9b,V,V-OI,V-M033-02 OWM1,30-Dec-2050,31-Dec-2050,60
S033-04 ALG0,Hoofdnet Strandeilandlaan west,V,V-OI,V-S033-04 ALG0,30-Dec-2050,31-Dec-2050,76
S033-21 ALG0,Hoofdnet OWH1-OWM1,V,V-OI,V-S033-21 ALG0,30-Dec-2050,31-Dec-2050,77
S033-23 ALG0,Hoofdnet HDWL doorsteek,V,V-OI,V-S033-23 ALG0,30-Dec-2050,31-Dec-2050,78
S033-09 ALG0,Hoofdnet Oeverparklaan West tot t keerlus,V,V-OI,V-S033-09 ALG0,30-Dec-2050,31-Dec-2050,95
S033-03 ALG0,Hoofdnet uit 2080 en PP,V,V-OI,V-S033-03 ALG0,30-Dec-2050,31-Dec-2050,98
S033-26 ALG0,Hoofdnet tussen brug 2080 en Makersstraat,V,V-OI,V-S033-26 ALG0,30-Dec-2050,31-Dec-2050,125
S033-05 ALG0,Hoofdnet Strandeilandlaan oost naar keerlus ,V,V-OI,V-S033-05 ALG0,30-Dec-2050,31-Dec-2050,135
S033-06 ALG0,Hoofdnet keerlus naar Buiteneiland,V,V-OI,V-S033-06 ALG0,30-Dec-2050,31-Dec-2050,136
S033-10 ALG0,Hoofdnet Oeverparklaan tot oostelijke dam,V,V-OI,V-S033-10 ALG0,30-Dec-2050,31-Dec-2050,137
S033-22 ALG0,Hoofdnet OWP2 zuid,V,V-OI,V-S033-22 ALG0,30-Dec-2050,31-Dec-2050,140
S033-08 ALG0,Hoofdnet brug 2062 naar Pampuslaan kruisp,V,V-OI,V-S033-08 ALG0,30-Dec-2050,31-Dec-2050,146
S033-07 ALG0,Hoofdnet brug 2062 naar Buiteneiland,V,V-OI,V-S033-07 ALG0,30-Dec-2050,31-Dec-2050,195
S033-24 ALG0,Hoofdnet Elektra BB Muider,V,V-OI,V-S033-24 ALG0,30-Dec-2050,31-Dec-2050,252
S033-25 ALG0,Hoofdnet Elektra BB Pampus,V,V-OI,V-S033-25 ALG0,30-Dec-2050,31-Dec-2050,253
S033-11 ALG0,Hoofdnet Muidenbuurt N-Z west,V,V-OI,V-S033-11 ALG0,30-Dec-2050,31-Dec-2050,280
S033-12 ALG0,Hoofdnet Muidenbuurt N-Z oost,V,V-OI,V-S033-12 ALG0,30-Dec-2050,31-Dec-2050,281
S033-13 ALG0,Hoofdnet Vacuümstation bij OPM5,V,V-OI,V-S033-13 ALG0,30-Dec-2050,31-Dec-2050,282
S033-14 ALG0,Hoofdnet Pampus west,V,V-OI,V-S033-14 ALG0,30-Dec-2050,31-Dec-2050,283
S033-15 ALG0,Hoofdnet Pampus oost,V,V-OI,V-S033-15 ALG0,30-Dec-2050,31-Dec-2050,284
S033-16 ALG0,Hoofdnet Pampus transportriool west,V,V-OI,V-S033-16 ALG0,30-Dec-2050,31-Dec-2050,285
S033-17 ALG0,Hoofdnet Pampus transportriool oost,V,V-OI,V-S033-17 ALG0,30-Dec-2050,31-Dec-2050,286
S033-18 ALG0,Hoofdnet Pampus persleiding west,V,V-OI,V-S033-18 ALG0,30-Dec-2050,31-Dec-2050,287
S033-19 ALG0,Hoofdnet Pampus persleiding oost,V,V-OI,V-S033-19 ALG0,30-Dec-2050,31-Dec-2050,288
S033-20 ALG0,Hoofdnet ring drinkwater west,V,V-OI,V-S033-20 ALG0,30-Dec-2050,31-Dec-2050,289
M391-01 OWM2,Werkterrein boring Liander aanleg,N,N-WT,N-M391-01 OWM2,24-Apr-2021,30-Apr-2021,22
M364-01 OWM2,Boring Liander ZHS,N,N-OI,N-M364-01 OWM2,01-May-2021,01-Aug-2021,23
M300-01 OC02,KL bij brug 2125,N,N-OI,N-M300-01 OC02,01-Sep-2022,31-Dec-2022,26
M391-02 OWM2,Werkterrein boring Waternet aanleg,N,N-WT,N-M391-02 OWM2,25-Dec-2021,31-Dec-2021,27
M332-01 OWM2,Boring Waternet effluentleiding,N,N-OI,N-M332-01 OWM2,01-Jan-2022,01-Jun-2022,28
S362-01 ALG0,Elektriciteit tbv Gelijkrichterstation GVB,N,N-OI,N-S362-01 ALG0,01-Jan-2023,01-Aug-2023,43
H300-01 OWH2,Distributienet paviljoens PP noord,N,N-OI,N-H300-01 OWH2,01-Aug-2024,01-Dec-2024,112
H300-02 OWH2,Distributienet paviljoens PP zuid,N,N-OI,N-H300-02 OWH2,01-Aug-2024,01-Dec-2024,113
S320-03 ALG0,TEO aanvoer,N,N-OI,N-S320-03 ALG0,01-Jan-2025,31-Dec-2025,133
S320-04 ALG0,TEO afvoer,N,N-OI,N-S320-04 ALG0,01-Jan-2025,31-Dec-2025,134
P320-01 OWP1,WKO bron leidingen en centrale,N,N-OI,N-P320-01 OWP1,01-Mar-2026,30-Sep-2026,159
S320-02 ALG0,WKO OWP1,N,N-OI,N-S320-02 ALG0,01-Mar-2026,30-Sep-2026,160
P300-01 OC03,KL bij brug 2062,N,N-OI,N-P300-01 OC03,01-Oct-2025,01-Dec-2025,161
M391-01 OWM2,Werkterrein boring Liander aanleg,V,V-WT,V-M391-01 OWM2,02-Aug-2021,06-Aug-2021,22
M364-01 OWM2,Boring Liander ZHS,V,V-OI,V-M364-01 OWM2,30-Dec-2050,31-Dec-2050,23
M300-01 OC02,KL bij brug 2125,V,V-OI,V-M300-01 OC02,30-Dec-2050,31-Dec-2050,26
M391-02 OWM2,Werkterrein boring Waternet aanleg,V,V-WT,V-M391-02 OWM2,02-Jun-2022,06-Jun-2022,27
M332-01 OWM2,Boring Waternet effluentleiding,V,V-OI,V-M332-01 OWM2,30-Dec-2050,31-Dec-2050,28
S362-01 ALG0,Elektriciteit tbv Gelijkrichterstation GVB,V,V-OI,V-S362-01 ALG0,30-Dec-2050,31-Dec-2050,43
H300-01 OWH2,Distributienet paviljoens PP noord,V,V-OI,V-H300-01 OWH2,30-Dec-2050,31-Dec-2050,112
H300-02 OWH2,Distributienet paviljoens PP zuid,V,V-OI,V-H300-02 OWH2,30-Dec-2050,31-Dec-2050,113
S320-03 ALG0,TEO aanvoer,V,V-OI,V-S320-03 ALG0,30-Dec-2050,31-Dec-2050,133
S320-04 ALG0,TEO afvoer,V,V-OI,V-S320-04 ALG0,30-Dec-2050,31-Dec-2050,134
P320-01 OWP1,WKO bron leidingen en centrale,V,V-OI,V-P320-01 OWP1,30-Dec-2050,31-Dec-2050,159
S320-02 ALG0,WKO OWP1,V,V-OI,V-S320-02 ALG0,30-Dec-2050,31-Dec-2050,160
P300-01 OC03,KL bij brug 2062,V,V-OI,V-P300-01 OC03,30-Dec-2050,31-Dec-2050,161
Omgevingsvoorzieningen,Omgevingsvoorzieningen,,,Omgevingsvoorzieningen,01-Jan-2020,02-Jan-2020,
P416-01 OPP1,Tijdelijke bloemenweide Pampus OPP1,N,N-GV,N-P416-01 OPP1,01-Oct-2020,31-Oct-2020,8
P416-02 OPP3,Tijdelijke bloemenweide Pampus verlengt OPP3,N,N-GV,N-P416-02 OPP3,01-Oct-2020,31-Oct-2020,9
M416-01 BM09,Tijdelijke bloemenwijde BM09,N,N-GV,N-M416-01 BM09,01-Oct-2020,31-Oct-2020,10
M416-02 BM11,Tijdelijke bloemenwijde BM11,N,N-GV,N-M416-02 BM11,01-Oct-2020,31-Oct-2020,11
M416-03 BM12,Tijdelijke bloemenwijde BM12,N,N-GV,N-M416-03 BM12,01-Oct-2020,31-Oct-2020,12
M416-04 BM13,Tijdelijke bloemenwijde BM13,N,N-GV,N-M416-04 BM13,01-Oct-2020,31-Oct-2020,13
S420-01 ALG0,Oeverzwaluw-ijsvogel locatie,N,N-GV,N-S420-01 ALG0,01-Jan-2021,01-Jan-2027,18
S434-01 ALG0,Strand 21,N,N-GV,N-S434-01 ALG0,01-Mar-2021,01-Mar-2022,19
S420-02 ALG0,Oeverzwaluw locatie,N,N-GV,N-S420-02 ALG0,01-Jan-2023,01-Jan-2027,55
M432-03 OPM3,Park Muider MP3,N,N-GV,N-M432-03 OPM3,11-Jan-2023,12-Jan-2024,57
M433-01 BM12,Tijdelijk sportveldencomplex west,N,N-GV,N-M433-01 BM12,01-Jul-2023,01-Jul-2024,70
M433-02 OPM3,Tijdelijk sportveldencomplex midden,N,N-GV,N-M433-02 OPM3,01-Jul-2023,01-Jul-2024,71
M433-03 BM15,Tijdelijk sportveldencomplex oost,N,N-GV,N-M433-03 BM15,01-Jul-2023,01-Jul-2024,72
M434-01 OSM1,Strand Muider 1,N,N-GV,N-M434-01 OSM1,01-Jan-2024,01-Dec-2024,88
M434-02 OSM2,Strand Muider 2,N,N-GV,N-M434-02 OSM2,01-Jan-2024,01-Dec-2024,89
M434-03 OSM3,Strand Muider 3,N,N-GV,N-M434-03 OSM3,01-Jan-2024,01-Dec-2024,90
H434-04 OSH1,Strand Muider 4,N,N-GV,N-H434-04 OSH1,01-Jan-2024,01-Dec-2024,91
M434-05 OSM4,Strand Muider 5,N,N-GV,N-M434-05 OSM4,01-Jan-2024,01-Dec-2024,92
M434-06 OSM5,Strand Muider 6,N,N-GV,N-M434-06 OSM5,01-Jan-2024,01-Dec-2024,93
P430-01 OWP1,Bomendijk 1,N,N-GV,N-P430-01 OWP1,01-Oct-2025,01-Dec-2026,144
P430-02 OWP3,Bomendijk 2,N,N-GV,N-P430-02 OWP3,01-Oct-2025,01-Dec-2026,145
P434-01 OSP2,Strand Pampus 1,N,N-GV,N-P434-01 OSP2,01-Oct-2026,01-Oct-2027,165
P434-02 OSP1,Strand Pampus 2,N,N-GV,N-P434-02 OSP1,01-Oct-2026,01-Oct-2027,166
M434-07 OSM3,Strand Muider 7,N,N-GV,N-M434-07 OSM3,01-Jan-2027,01-Dec-2027,173
M434-09 OSM6,Strand Muider 9,N,N-GV,N-M434-09 OSM6,01-Jan-2027,01-Dec-2027,174
P432-01 OPP1,Park Pampus 1,N,N-GV,N-P432-01 OPP1,01-Jan-2028,01-Jan-2029,208
P432-02 OPP2,Park Pampus 2,N,N-GV,N-P432-02 OPP2,01-Jan-2028,01-Jan-2029,209
M432-02 OPM2,Park Muider MP2,N,N-GV,N-M432-02 OPM2,01-Jan-2029,01-Jan-2030,224
P430-03 OWP4,Bomendijk 3,N,N-GV,N-P430-03 OWP4,01-Oct-2029,01-Dec-2030,228
P430-04 OWP5,Bomendijk 4,N,N-GV,N-P430-04 OWP5,01-Oct-2029,01-Dec-2030,229
P430-05 OWP6,Bomendijk 5,N,N-GV,N-P430-05 OWP6,01-Oct-2029,01-Dec-2030,230
P432-04 OPP4,Park Pampus 4,N,N-GV,N-P432-04 OPP4,01-Jan-2030,01-Jan-2031,244
P433-01 OPP6,Park Pampus 6 west,N,N-GV,N-P433-01 OPP6,01-Jan-2030,01-Jan-2031,245
M441-01 OPM1,Park Muider MP1 noord,N,N-WE,N-M441-01 OPM1,01-Jan-2030,01-Jan-2031,246
M432-06 OPM6,Park Muider MP6,N,N-GV,N-M432-06 OPM6,01-Jan-2030,01-Jan-2031,247
M432-07 OPM7,Park Muider MP7,N,N-GV,N-M432-07 OPM7,01-Jan-2030,01-Jan-2031,248
M432-08 OPM8,Park Muider MP8,N,N-GV,N-M432-08 OPM8,01-Jan-2030,01-Jan-2031,249
P433-02 OPP6,Park Pampus 6 centrum,N,N-GV,N-P433-02 OPP6,01-Jan-2030,01-Jan-2031,254
P433-03 OPP6,Park Pampus 6 sportcomplex,N,N-GV,N-P433-03 OPP6,01-Jan-2030,01-Jan-2031,255
P433-04 OPP6,Park Pampus 6 oost,N,N-GV,N-P433-04 OPP6,01-Jan-2030,01-Jan-2031,256
M432-10 OPM1,Park Muider MP1 zuid,N,N-GV,N-M432-10 OPM1,01-Jan-2030,01-Jan-2031,257
P410-01 OWP6,Pier,N,N-GV,N-P410-01 OWP6,01-Jan-2032,01-Jan-2033,279
M432-05 OPM5,Park Muider MP5,N,N-GV,N-M432-05 OPM5,01-Jan-2033,01-Jan-2034,302
M434-08 OSM5,Strand Muider 8,N,N-GV,N-M434-08 OSM5,01-Jan-2034,01-Jan-2035,310
P432-03 OPP3,Park Pampus 3,N,N-GV,N-P432-03 OPP3,01-Jan-2034,01-Jan-2035,317
P432-05 OPP5,Park Pampus 5,N,N-GV,N-P432-05 OPP5,01-Jan-2035,12-Jan-2035,330
P432-07 OPP7,Park Pampus 7,N,N-GV,N-P432-07 OPP7,01-Jan-2035,10-Jan-2035,331
P432-08 OPP8,Park Pampus 8,N,N-GV,N-P432-08 OPP8,01-Jan-2035,10-Jan-2035,332
M432-04 OPM4,Park Muider MP4,N,N-GV,N-M432-04 OPM4,01-Jan-2036,01-Jan-2037,341
M432-09 OPM9,Park Muider MP9,N,N-GV,N-M432-09 OPM9,01-Jan-2039,01-Jan-2040,356
P416-01 OPP1,Tijdelijke bloemenweide Pampus OPP1,V,V-GV,V-P416-01 OPP1,02-Dec-2032,01-Jan-2033,8
P416-02 OPP3,Tijdelijke bloemenweide Pampus verlengt OPP3,V,V-GV,V-P416-02 OPP3,02-Dec-2032,01-Jan-2033,9
M416-01 BM09,Tijdelijke bloemenwijde BM09,V,V-GV,V-M416-01 BM09,02-Dec-2032,01-Jan-2033,10
M416-02 BM11,Tijdelijke bloemenwijde BM11,V,V-GV,V-M416-02 BM11,02-Dec-2032,01-Jan-2033,11
M416-03 BM12,Tijdelijke bloemenwijde BM12,V,V-GV,V-M416-03 BM12,02-Dec-2032,01-Jan-2033,12
M416-04 BM13,Tijdelijke bloemenwijde BM13,V,V-GV,V-M416-04 BM13,02-Dec-2032,01-Jan-2033,13
S420-01 ALG0,Oeverzwaluw-ijsvogel locatie,V,V-GV,V-S420-01 ALG0,30-Dec-2050,31-Dec-2050,18
S434-01 ALG0,Strand 21,V,V-GV,V-S434-01 ALG0,30-Dec-2050,31-Dec-2050,19
S420-02 ALG0,Oeverzwaluw locatie,V,V-GV,V-S420-02 ALG0,30-Dec-2050,31-Dec-2050,55
M432-03 OPM3,Park Muider MP3,V,V-GV,V-M432-03 OPM3,30-Dec-2050,31-Dec-2050,57
M433-01 BM12,Tijdelijk sportveldencomplex west,V,V-GV,V-M433-01 BM12,01-Jul-2035,01-Dec-2035,70
M433-02 OPM3,Tijdelijk sportveldencomplex midden,V,V-GV,V-M433-02 OPM3,01-Jul-2035,01-Dec-2035,71
M433-03 BM15,Tijdelijk sportveldencomplex oost,V,V-GV,V-M433-03 BM15,01-Jul-2035,01-Dec-2035,72
M434-01 OSM1,Strand Muider 1,V,V-GV,V-M434-01 OSM1,30-Dec-2050,31-Dec-2050,88
M434-02 OSM2,Strand Muider 2,V,V-GV,V-M434-02 OSM2,30-Dec-2050,31-Dec-2050,89
M434-03 OSM3,Strand Muider 3,V,V-GV,V-M434-03 OSM3,30-Dec-2050,31-Dec-2050,90
H434-04 OSH1,Strand Muider 4,V,V-GV,V-H434-04 OSH1,30-Dec-2050,31-Dec-2050,91
M434-05 OSM4,Strand Muider 5,V,V-GV,V-M434-05 OSM4,30-Dec-2050,31-Dec-2050,92
M434-06 OSM5,Strand Muider 6,V,V-GV,V-M434-06 OSM5,30-Dec-2050,31-Dec-2050,93
P430-01 OWP1,Bomendijk 1,V,V-GV,V-P430-01 OWP1,30-Dec-2050,31-Dec-2050,144
P430-02 OWP3,Bomendijk 2,V,V-GV,V-P430-02 OWP3,30-Dec-2050,31-Dec-2050,145
P434-01 OSP2,Strand Pampus 1,V,V-GV,V-P434-01 OSP2,30-Dec-2050,31-Dec-2050,165
P434-02 OSP1,Strand Pampus 2,V,V-GV,V-P434-02 OSP1,30-Dec-2050,31-Dec-2050,166
M434-07 OSM3,Strand Muider 7,V,V-GV,V-M434-07 OSM3,30-Dec-2050,31-Dec-2050,173
M434-09 OSM6,Strand Muider 9,V,V-GV,V-M434-09 OSM6,30-Dec-2050,31-Dec-2050,174
P432-01 OPP1,Park Pampus 1,V,V-GV,V-P432-01 OPP1,30-Dec-2050,31-Dec-2050,208
P432-02 OPP2,Park Pampus 2,V,V-GV,V-P432-02 OPP2,30-Dec-2050,31-Dec-2050,209
M432-02 OPM2,Park Muider MP2,V,V-GV,V-M432-02 OPM2,30-Dec-2050,31-Dec-2050,224
P430-03 OWP4,Bomendijk 3,V,V-GV,V-P430-03 OWP4,30-Dec-2050,31-Dec-2050,228
P430-04 OWP5,Bomendijk 4,V,V-GV,V-P430-04 OWP5,30-Dec-2050,31-Dec-2050,229
P430-05 OWP6,Bomendijk 5,V,V-GV,V-P430-05 OWP6,30-Dec-2050,31-Dec-2050,230
P432-04 OPP4,Park Pampus 4,V,V-GV,V-P432-04 OPP4,30-Dec-2050,31-Dec-2050,244
P433-01 OPP6,Park Pampus 6 west,V,V-GV,V-P433-01 OPP6,30-Dec-2050,31-Dec-2050,245
M441-01 OPM1,Park Muider MP1 noord,V,V-WE,V-M441-01 OPM1,30-Dec-2050,31-Dec-2050,246
M432-06 OPM6,Park Muider MP6,V,V-GV,V-M432-06 OPM6,30-Dec-2050,31-Dec-2050,247
M432-07 OPM7,Park Muider MP7,V,V-GV,V-M432-07 OPM7,30-Dec-2050,31-Dec-2050,248
M432-08 OPM8,Park Muider MP8,V,V-GV,V-M432-08 OPM8,30-Dec-2050,31-Dec-2050,249
P433-02 OPP6,Park Pampus 6 centrum,V,V-GV,V-P433-02 OPP6,30-Dec-2050,31-Dec-2050,254
P433-03 OPP6,Park Pampus 6 sportcomplex,V,V-GV,V-P433-03 OPP6,30-Dec-2050,31-Dec-2050,255
P433-04 OPP6,Park Pampus 6 oost,V,V-GV,V-P433-04 OPP6,30-Dec-2050,31-Dec-2050,256
M432-10 OPM1,Park Muider MP1 zuid,V,V-GV,V-M432-10 OPM1,30-Dec-2050,31-Dec-2050,257
P410-01 OWP6,Pier,V,V-GV,V-P410-01 OWP6,30-Dec-2050,31-Dec-2050,279
M432-05 OPM5,Park Muider MP5,V,V-GV,V-M432-05 OPM5,30-Dec-2050,31-Dec-2050,302
M434-08 OSM5,Strand Muider 8,V,V-GV,V-M434-08 OSM5,30-Dec-2050,31-Dec-2050,310
P432-03 OPP3,Park Pampus 3,V,V-GV,V-P432-03 OPP3,30-Dec-2050,31-Dec-2050,317
P432-05 OPP5,Park Pampus 5,V,V-GV,V-P432-05 OPP5,30-Dec-2050,31-Dec-2050,330
P432-07 OPP7,Park Pampus 7,V,V-GV,V-P432-07 OPP7,30-Dec-2050,31-Dec-2050,331
P432-08 OPP8,Park Pampus 8,V,V-GV,V-P432-08 OPP8,30-Dec-2050,31-Dec-2050,332
M432-04 OPM4,Park Muider MP4,V,V-GV,V-M432-04 OPM4,30-Dec-2050,31-Dec-2050,341
M432-09 OPM9,Park Muider MP9,V,V-GV,V-M432-09 OPM9,30-Dec-2050,31-Dec-2050,356
Verkeer Wegmarkering en Geleiding,Verkeer Wegmarkering en Geleiding,,,Verkeer Wegmarkering en Geleiding,01-Jan-2020,02-Jan-2020,
Railinfra en HOV,Railinfra en HOV,,,Railinfra en HOV,01-Jan-2020,02-Jan-2020,
S691-03 ALG0,Tram fase 1 Werkterrein aanleg,N,N-WT,N-S691-03 ALG0,25-Dec-2023,31-Dec-2023,84
S691-04 ALG0,Tram tijdelijke keerlus Werkterrein aanleg,N,N-WT,N-S691-04 ALG0,25-Dec-2023,31-Dec-2023,85
S620-02 ALG0,Tram fase 1,N,N-SB,N-S620-02 ALG0,01-Jan-2024,01-Nov-2024,86
S620-03 ALG0,Tram tijdelijke keerlus,N,N-SB,N-S620-03 ALG0,01-Jan-2024,01-Dec-2030,87
S691-02 ALG0,Tram PP Werkterrein aanleg,N,N-WT,N-S691-02 ALG0,12-Aug-2024,18-Aug-2024,116
S620-01 ALG0,Tram PP,N,N-SB,N-S620-01 ALG0,19-Aug-2024,15-Oct-2024,117
S693-01 ALG0,Tram tijdelijke keerlus Werkterrein sloop,N,N-WT,N-S693-01 ALG0,25-Dec-2029,31-Dec-2029,235
S691-03 ALG0,Tram fase 1 Werkterrein aanleg,V,V-WT,V-S691-03 ALG0,02-Nov-2024,06-Nov-2024,84
S691-04 ALG0,Tram tijdelijke keerlus Werkterrein aanleg,V,V-WT,V-S691-04 ALG0,02-Dec-2030,06-Dec-2030,85
S620-02 ALG0,Tram fase 1,V,V-SB,V-S620-02 ALG0,30-Dec-2050,31-Dec-2050,86
S620-03 ALG0,Tram tijdelijke keerlus,V,V-SB,V-S620-03 ALG0,01-Jan-2030,01-Jan-2031,87
S691-02 ALG0,Tram PP Werkterrein aanleg,V,V-WT,V-S691-02 ALG0,16-Oct-2024,20-Oct-2024,116
S620-01 ALG0,Tram PP,V,V-SB,V-S620-01 ALG0,30-Dec-2050,31-Dec-2050,117
S693-01 ALG0,Tram tijdelijke keerlus Werkterrein sloop,V,V-WT,V-S693-01 ALG0,02-Jan-2031,06-Jan-2031,235
Water en Nautiek,Water en Nautiek,,,Water en Nautiek,01-Jan-2020,02-Jan-2020,
S721-02 ALG0,Verholen Waterkering Muidenbuurt tijdelijk,N,N-WA,N-S721-02 ALG0,01-Jan-2021,30-Jun-2024,17
M791-01 OSM1,Werkterrein waterkering strand Muider 4 aanleg,N,N-WT,N-M791-01 OSM1,25-Dec-2022,31-Dec-2022,40
M791-02 OSM2,Werkterrein waterkering strand Muider 5 aanleg,N,N-WT,N-M791-02 OSM2,25-Dec-2022,31-Dec-2022,41
M791-03 OSM3,Werkterrein waterkering strand Muider 6 aanleg,N,N-WT,N-M791-03 OSM3,25-Dec-2022,31-Dec-2022,42
M721-01 OWMK,Verholen Waterkering Muider 1,N,N-WA,N-M721-01 OWMK,01-Jan-2023,01-Dec-2023,45
H721-02 OWH2,Verholen Waterkering Muider 2,N,N-WA,N-H721-02 OWH2,01-Jan-2023,01-Dec-2023,46
H721-03 OSH1,Verholen Waterkering Muider 3,N,N-WA,N-H721-03 OSH1,01-Jan-2023,01-Dec-2023,47
M721-04 OSM1,Verholen Waterkering Muider 4,N,N-WA,N-M721-04 OSM1,01-Jan-2023,01-Dec-2023,48
M721-05 OSM2,Verholen Waterkering Muider 5,N,N-WA,N-M721-05 OSM2,01-Jan-2023,01-Dec-2023,49
M721-06 OSM3,Verholen Waterkering Muider 6,N,N-WA,N-M721-06 OSM3,01-Jan-2023,01-Dec-2023,50
P721-01 OSP2,Verholen Waterkering Pampus 1,N,N-WA,N-P721-01 OSP2,01-Oct-2023,01-Mar-2024,74
P721-02 OSP1,Verholen Waterkering Pampus 2,N,N-WA,N-P721-02 OSP1,01-Oct-2023,01-Mar-2024,75
P791-01 OC04,Werkterrein Sluis 2061 aanleg,N,N-WT,N-P791-01 OC04,01-Apr-2024,01-Dec-2025,99
P743-01 OC04,Sluis 2061,N,N-WA,N-P743-01 OC04,01-Jun-2024,01-Dec-2025,103
S721-03 ALG0,Waterkering Strandeiland tijdelijk,N,N-WA,N-S721-03 ALG0,01-Jul-2024,30-Jun-2028,104
P721-03 OWP1,Verholen Waterkering Pampus 3,N,N-WA,N-P721-03 OWP1,01-Oct-2025,01-Dec-2026,142
P721-04 OWP3,Verholen Waterkering Pampus 4,N,N-WA,N-P721-04 OWP3,01-Oct-2025,01-Dec-2026,143
M791-04 OSM3,Werkterrein waterkering strand Muider 7 aanleg,N,N-WT,N-M791-04 OSM3,25-Dec-2026,31-Dec-2026,172
M721-07 OSM3,Verholen Waterkering Muider 7,N,N-WA,N-M721-07 OSM3,01-Jan-2027,12-Jan-2027,175
P741-01 OC05,Dam,N,N-WA,N-P741-01 OC05,01-Jan-2028,01-Dec-2028,212
S721-01 ALG0,Waterkering Strandeiland definitief,N,N-WA,N-S721-01 ALG0,01-Jul-2028,02-Jul-2028,213
P721-05 OWP4,Verholen Waterkering Pampus 5,N,N-WA,N-P721-05 OWP4,01-Oct-2029,01-Dec-2030,225
P721-06 OWP5,Verholen Waterkering Pampus 6,N,N-WA,N-P721-06 OWP5,01-Oct-2029,01-Dec-2030,226
P721-07 OWP6,Verholen Waterkering Pampus 7,N,N-WA,N-P721-07 OWP6,01-Oct-2029,01-Dec-2030,227
S721-02 ALG0,Verholen Waterkering Muidenbuurt tijdelijk,V,V-WA,V-S721-02 ALG0,30-Dec-2050,31-Dec-2050,17
M791-01 OSM1,Werkterrein waterkering strand Muider 4 aanleg,V,V-WT,V-M791-01 OSM1,02-Dec-2023,06-Dec-2023,40
M791-02 OSM2,Werkterrein waterkering strand Muider 5 aanleg,V,V-WT,V-M791-02 OSM2,02-Dec-2023,06-Dec-2023,41
M791-03 OSM3,Werkterrein waterkering strand Muider 6 aanleg,V,V-WT,V-M791-03 OSM3,02-Dec-2023,06-Dec-2023,42
M721-01 OWMK,Verholen Waterkering Muider 1,V,V-WA,V-M721-01 OWMK,30-Dec-2050,31-Dec-2050,45
H721-02 OWH2,Verholen Waterkering Muider 2,V,V-WA,V-H721-02 OWH2,30-Dec-2050,31-Dec-2050,46
H721-03 OSH1,Verholen Waterkering Muider 3,V,V-WA,V-H721-03 OSH1,30-Dec-2050,31-Dec-2050,47
M721-04 OSM1,Verholen Waterkering Muider 4,V,V-WA,V-M721-04 OSM1,30-Dec-2050,31-Dec-2050,48
M721-05 OSM2,Verholen Waterkering Muider 5,V,V-WA,V-M721-05 OSM2,30-Dec-2050,31-Dec-2050,49
M721-06 OSM3,Verholen Waterkering Muider 6,V,V-WA,V-M721-06 OSM3,30-Dec-2050,31-Dec-2050,50
P721-01 OSP2,Verholen Waterkering Pampus 1,V,V-WA,V-P721-01 OSP2,30-Dec-2050,31-Dec-2050,74
P721-02 OSP1,Verholen Waterkering Pampus 2,V,V-WA,V-P721-02 OSP1,30-Dec-2050,31-Dec-2050,75
P791-01 OC04,Werkterrein Sluis 2061 aanleg,V,V-WT,V-P791-01 OC04,30-Dec-2050,31-Dec-2050,99
P743-01 OC04,Sluis 2061,V,V-WA,V-P743-01 OC04,30-Dec-2050,31-Dec-2050,103
S721-03 ALG0,Waterkering Strandeiland tijdelijk,V,V-WA,V-S721-03 ALG0,30-Dec-2050,31-Dec-2050,104
P721-03 OWP1,Verholen Waterkering Pampus 3,V,V-WA,V-P721-03 OWP1,30-Dec-2050,31-Dec-2050,142
P721-04 OWP3,Verholen Waterkering Pampus 4,V,V-WA,V-P721-04 OWP3,30-Dec-2050,31-Dec-2050,143
M791-04 OSM3,Werkterrein waterkering strand Muider 7 aanleg,V,V-WT,V-M791-04 OSM3,13-Jan-2027,17-Jan-2027,172
M721-07 OSM3,Verholen Waterkering Muider 7,V,V-WA,V-M721-07 OSM3,30-Dec-2050,31-Dec-2050,175
P741-01 OC05,Dam,V,V-WA,V-P741-01 OC05,30-Dec-2050,31-Dec-2050,212
S721-01 ALG0,Waterkering Strandeiland definitief,V,V-WA,V-S721-01 ALG0,30-Dec-2050,31-Dec-2050,213
P721-05 OWP4,Verholen Waterkering Pampus 5,V,V-WA,V-P721-05 OWP4,30-Dec-2050,31-Dec-2050,225
P721-06 OWP5,Verholen Waterkering Pampus 6,V,V-WA,V-P721-06 OWP5,30-Dec-2050,31-Dec-2050,226
P721-07 OWP6,Verholen Waterkering Pampus 7,V,V-WA,V-P721-07 OWP6,30-Dec-2050,31-Dec-2050,227
Tijdelijke objecten en voorzieningen,Tijdelijke objecten en voorzieningen,,,Tijdelijke objecten en voorzieningen,01-Jan-2020,02-Jan-2020,
S811-01 ALG0,Laad en Loswal Buiteneiland,N,N-WE,N-S811-01 ALG0,01-Dec-2023,01-Mar-2024,82
S861-03 ALG0,Tram tijdelijke keerlus Haven,N,N-SB,N-S861-03 ALG0,30-Sep-2024,30-Nov-2024,121
S811-01 ALG0,Laad en Loswal Buiteneiland,V,V-WE,V-S811-01 ALG0,01-Jan-2034,01-Mar-2034,82
S861-03 ALG0,Tram tijdelijke keerlus Haven,V,V-SB,V-S861-03 ALG0,01-Jan-2030,28-Feb-2030,121
Project Specifiek,Project Specifiek,,,Project Specifiek,01-Jan-2020,02-Jan-2020,
